Company,Organization,Date,Headline,Article,Relevance
QCOM,QUALCOMM Incorporated,20-02-2015,Ex-Qualcomm executive pleads guilty to insider trading ,SAN DIEGO A former director of sales for U.S. chipmaker Qualcomm Inc pleaded guilty in San Diego on Thursday to insider trading  officials said.,topStory
QCOM,QUALCOMM Incorporated,20-02-2015,Ex-Qualcomm executive pleads guilty to insider trading ,SAN DIEGO A former director of sales for U.S. chipmaker Qualcomm Inc  pleaded guilty in San Diego on Thursday to insider trading  officials said.,normal
QCOM,QUALCOMM Incorporated,20-02-2015,Ex-Qualcomm executive pleads guilty to insider trading ,SAN DIEGO  Feb 19 A former director of sales for U.S. chipmaker Qualcomm Inc pleaded guilty in San Diego on Thursday to insider trading  officials said.,normal
QCOM,QUALCOMM Incorporated,02-03-2015,Qualcomm seeks to pave road to marriage of cars and smartphones ,DETROIT Qualcomm Inc  a maker of smartphone chips and software  unveiled on Monday fourth-generation LTE modems that will enable cars to stay better-connected wirelessly to cloud-based services via the Web.,normal
QCOM,QUALCOMM Incorporated,02-03-2015,Qualcomm seeks to pave road to marriage of cars and smartphones ,DETROIT  March 2 Qualcomm Inc  a maker of smartphone chips and software  unveiled on Monday fourth-generation LTE modems that will enable cars to stay better-connected wirelessly to cloud-based services via the Web.,normal
QCOM,QUALCOMM Incorporated,09-03-2015,Qualcomm to buy back up to $15 bln of shares  raise dividend ,Chipmaker Qualcomm Inc said it would buy back up to $15 billion of shares and raise its quarterly dividend.,topStory
QCOM,QUALCOMM Incorporated,09-03-2015,UPDATE 1-Qualcomm to buy back up to $15 bln of shares  raise dividend ,March 9 Chipmaker Qualcomm Inc said it would buy back up to $15 billion of shares and raise its quarterly dividend.,normal
QCOM,QUALCOMM Incorporated,09-03-2015,Qualcomm to buy back up to $15 bln of shares  raise dividend ,March 9 Chipmaker Qualcomm Inc said it would buy back up to $15 billion of shares and raise its quarterly dividend.,normal
QCOM,QUALCOMM Incorporated,03-04-2015,Teardown of new Samsung Galaxy smartphone suggests deeper loss for Qualcomm ,SEOUL/SAN FRANCISCO Samsung Electronics Co Ltd used more of its own chips to power the new Galaxy S6 smartphone than it did for the predecessor S5  according to an early teardown report  in a blow to U.S. chip supplier Qualcomm Inc.,topStory
QCOM,QUALCOMM Incorporated,03-04-2015,Teardown of new Samsung Galaxy smartphone suggests deeper loss for Qualcomm ,SEOUL/SAN FRANCISCO  April 3 Samsung Electronics Co Ltd used more of its own chips to power the new Galaxy S6 smartphone than it did for the predecessor S5  according to an early teardown report  in a blow to U.S. chip supplier Qualcomm Inc.,normal
QCOM,QUALCOMM Incorporated,13-04-2015,Jana Partners pressing Qualcomm to spin off chip business ,"Hedge fund Jana Partners said on Monday that Qualcomm Inc's chip business was ""essentially worthless"" at current valuations and pressed the company to spin it off from its patent-licensing business to ""restore investor confidence."" | Video ",normal
QCOM,QUALCOMM Incorporated,13-04-2015,Investor Jana's Rosenstein wants to 'pull levers' to boost Qualcomm ,NEW YORK Activist hedge fund manager Barry Rosenstein said on Monday he wants the share price of chip maker Qualcomm  to climb and his hedge fund  Jana Partners  plans to work collaboratively with management to find ways to boost it.,normal
QCOM,QUALCOMM Incorporated,13-04-2015,Investor Jana's Rosenstein wants to 'pull levers' to boost Qualcomm ,NEW YORK  April 13 Activist hedge fund manager Barry Rosenstein said on Monday he wants the share price of chip maker Qualcomm to climb and his hedge fund  Jana Partners  plans to work collaboratively with management to find ways to boost it.,normal
QCOM,QUALCOMM Incorporated,13-04-2015,BRIEF-Jana Partners urges Qualcomm to consider spinning off its chip unit ,* Jana Partners urges Qualcomm to consider spinning off its chip unit from its patent-licensing business - letter to investors,normal
QCOM,QUALCOMM Incorporated,17-04-2015,Hedge fund pressure unlikely to block Qualcomm bond ,NEW YORK  April 17 (IFR) - Hedge fund pressure to break up Qualcomm is not likely to be an obstacle when the world's largest phone chip-maker comes to market as expected with a jumbo bond to finance a share buyback.,topStory
QCOM,QUALCOMM Incorporated,21-04-2015,Qualcomm to tap Samsung Elec to make new mobile processors: report ,SEOUL U.S. chip maker Qualcomm Inc plans to have its next-generation Snapdragon 820 mobile processors manufactured by Samsung Electronics Co Ltd  tech news website Re/code reported  citing unnamed sources.,topStory
QCOM,QUALCOMM Incorporated,21-04-2015,Qualcomm to tap Samsung Elec to make new mobile processors - report ,SEOUL  April 21 U.S. chip maker Qualcomm Inc  plans to have its next-generation Snapdragon 820 mobile processors manufactured by Samsung Electronics Co Ltd   tech news website Re/code reported  citing unnamed sources.,normal
QCOM,QUALCOMM Incorporated,22-04-2015,Qualcomm forecast misses as customer loss hurts mobile chip sales ,Qualcomm Inc forecast current-quarter revenue and profit below analysts' expectations  saying the loss of a key customer and delays in product launches by some smartphone makers would hurt sales of its flagship Snapdragon chips.,topStory
QCOM,QUALCOMM Incorporated,22-04-2015,UPDATE 2-Qualcomm forecast misses as customer loss hurts mobile chip sales ,April 22 Qualcomm Inc forecast current-quarter revenue and profit below analysts' expectations  saying the loss of a key customer and delays in product launches by some smartphone makers would hurt sales of its flagship Snapdragon chips.,normal
QCOM,QUALCOMM Incorporated,22-04-2015,Chipmaker Qualcomm's quarterly profit plunges 46 pct ,April 22 Mobile chip maker Qualcomm Inc's  quarterly profit plunged 46 percent as it lost a key customer and its highly profitable licensing business suffered due to a Chinese government probe into its anti-competitive practices.,normal
QCOM,QUALCOMM Incorporated,04-05-2015,GE ties up with Qualcomm  Apple in new lighting business bet ,General Electric Co on Monday announced collaborations with Qualcomm Inc and Apple Inc as it uses digital technology and the growing appetite for data to reinvigorate its 130-year-old lighting business.,topStory
QCOM,QUALCOMM Incorporated,04-05-2015,GE ties up with Qualcomm  Apple in new lighting business bet ,May 4 General Electric Co on Monday announced collaborations with Qualcomm Inc and Apple Inc as it uses digital technology and the growing appetite for data to reinvigorate its 130-year-old lighting business.,normal
QCOM,QUALCOMM Incorporated,06-05-2015,South Korea says to cooperate with Europe  U.S. on Qualcomm probe ,SEOUL South Korea's antitrust body said on Wednesday it would cooperate with counterparts in Europe and the United States as part of the regulator's investigation into U.S. chip maker Qualcomm Inc.,topStory
QCOM,QUALCOMM Incorporated,06-05-2015,S.Korea says to cooperate with Europe  U.S. on Qualcomm probe ,SEOUL  May 6 South Korea's antitrust body said on Wednesday it would cooperate with counterparts in Europe and the United States as part of the regulator's investigation into U.S. chip maker Qualcomm Inc.,normal
QCOM,QUALCOMM Incorporated,07-05-2015,EU antitrust regulators not probing Qualcomm licensing deals -EU source ,BRUSSELS European Union antitrust regulators are not investigating U.S. chipmaker Qualcomm's patent licensing deals  an EU source said on Thursday in response to media reports saying that scrutiny of the company had been expanded to this issue.,topStory
QCOM,QUALCOMM Incorporated,07-05-2015,UPDATE 1-EU antitrust regulators not probing Qualcomm licensing deals -EU source ,BRUSSELS  May 7 European Union antitrust regulators are not investigating U.S. chipmaker Qualcomm's  patent licensing deals  an EU source said on Thursday in response to media reports saying that scrutiny of the company had been expanded to this issue.,normal
QCOM,QUALCOMM Incorporated,07-05-2015,EU antitrust regulators not probing Qualcomm licensing deals - EU source ,BRUSSELS  May 7 European Union antitrust regulators are not investigating U.S. chipmaker Qualcomm  on its patent licensing deals  an EU source said on Thursday  refuting media reports saying the issue was on the European Commission's radar.,normal
QCOM,QUALCOMM Incorporated,08-05-2015,EU antitrust regulators query Qualcomm rivals on its business practices ,BRUSSELS EU antitrust regulators are asking Qualcomm's rivals how the U.S. chipmaker's business practices and the way it licenses its products affect them  as part of an investigation begun seven months ago  a document seen by Reuters showed.,topStory
QCOM,QUALCOMM Incorporated,08-05-2015,EU antitrust regulators query Qualcomm rivals on its business practices ,BRUSSELS  May 8 EU antitrust regulators are asking Qualcomm's rivals how the U.S. chipmaker's business practices and the way it licenses its products affect them  as part of an investigation begun seven months ago  a document seen by Reuters showed.,normal
QCOM,QUALCOMM Incorporated,23-05-2015,Daimler and Qualcomm to develop in-car tech  wireless charging ,FRANKFURT Carmaker Daimler on Saturday announced a partnership with mobile technologies company Qualcomm Inc. to explore wireless recharging of mobile phones in cars as well as recharging of electric cars without cables.,topStory
QCOM,QUALCOMM Incorporated,23-05-2015,Daimler and Qualcomm to develop in-car tech  wireless charging ,FRANKFURT  May 23 Carmaker Daimler on Saturday announced a partnership with mobile technologies company Qualcomm Inc. to explore wireless recharging of mobile phones in cars as well as recharging of electric cars without cables.,normal
QCOM,QUALCOMM Incorporated,24-05-2015,Daimler and Qualcomm to develop in-car tech  wireless charging ,FRANKFURT Carmaker Daimler on Saturday announced a partnership with mobile technologies company Qualcomm Inc. to explore wireless recharging of mobile phones in cars as well as recharging of electric cars without cables.,topStory
QCOM,QUALCOMM Incorporated,28-05-2015,Avago  Broadcom deal could put pressure on Qualcomm ,Avago Technologies Ltd's  $37 billion deal to buy chipmaker Broadcom  Corp  creates new competitive challenges for Qualcomm and may force the world's largest mobile chip maker to radically rethink its own strategy.,topStory
QCOM,QUALCOMM Incorporated,08-06-2015,Qualcomm puts UK spectrum up for sale ,LONDON Chipmaker Qualcomm has put a chunk of spectrum up for sale in Britain which could appeal to mobile operators grappling with the demand for Internet access.,topStory
QCOM,QUALCOMM Incorporated,11-06-2015,Qualcomm names old-hand as new China chairman; former head joins Xiaomi ,BEIJING U.S. chipmaker Qualcomm Inc  said it has appointed old-hand Frank Meng as its chairman for China  a market which accounts for half of the company's overall revenues but where it has hit rough patches in recent times.,topStory
QCOM,QUALCOMM Incorporated,11-06-2015,Qualcomm names old-hand as new China chairman; former head joins Xiaomi ,BEIJING  June 11 U.S. chipmaker Qualcomm Inc  said it has appointed old-hand Frank Meng as its chairman for China  a market which accounts for half of the company's overall revenues but where it has hit rough patches in recent times.,normal
QCOM,QUALCOMM Incorporated,26-06-2015,Ex-Qualcomm exec gets one-and-a-half years in prison for insider trades ,A former high-ranking executive at semiconductor maker Qualcomm Inc was sentenced on Friday to a year and a half in prison and fined $500 000 for masterminding a three-year insider trading scheme.,topStory
QCOM,QUALCOMM Incorporated,26-06-2015,Ex-Qualcomm exec gets 1-1/2 years in prison for insider trades ,A former high-ranking executive at semiconductor maker Qualcomm Inc was sentenced on Friday to a year and a half in prison and fined $500 000 for masterminding a three-year insider trading scheme.,normal
QCOM,QUALCOMM Incorporated,26-06-2015,Ex-Qualcomm exec gets 1-1/2 years in prison for insider trades ,June 26 A former high-ranking executive at semiconductor maker Qualcomm Inc was sentenced on Friday to a year and a half in prison and fined $500 000 for masterminding a three-year insider trading scheme.,normal
QCOM,QUALCOMM Incorporated,30-06-2015,Qualcomm has no plans to spin off chip business at present: chairman ,SEOUL U.S. chipmaker Qualcomm Inc has no plans to spin off its chips business at present  Executive Chairman Paul Jacobs said on Tuesday  despite recent investor pressure to do so amid intensifying industry competition.,topStory
QCOM,QUALCOMM Incorporated,16-07-2015,Qualcomm faces EU antitrust probes over tactics to block rivals ,BRUSSELS/FRANKFURT European Union antitrust regulators are investigating whether one of the world's biggest chipmakers  Qualcomm  uses illegal tactics to shut out rivals  six years after slapping a record 1 billion euro ($1.09 billion) fine on Intel for a similar offense.,topStory
QCOM,QUALCOMM Incorporated,16-07-2015,UPDATE 2-Qualcomm faces EU antitrust probes over tactics to block rivals ,* Qualcomm says EU concerns not merited   (Adds details  background  comments),normal
QCOM,QUALCOMM Incorporated,16-07-2015,EU opens twin Qualcomm antitrust investigations ,BRUSSELS The European Commission has opened two investigations into possible abuse of market dominance by chipmaker Qualcomm Inc  it said on Thursday  the latest in a string of antitrust and tax inquiries into major U.S. corporations.,normal
QCOM,QUALCOMM Incorporated,16-07-2015,RPT-EU opens two antritust investigations against Qualcomm ,BRUSSELS  July 16 The European Commission said on Thursday it had opened two antitrust investigations into Qualcomm's possible abuse of its market dominance of semiconductors used in consumer electronic devices.,normal
QCOM,QUALCOMM Incorporated,16-07-2015,EU opens two antritust investigations against Qualcomm ,BRUSSELS  July 16 The European Commission said on Thursday it had opened two antitrust investigations into Qualcomm's possible abuse of its market dominance of semiconductors used in consumer electronic devices.,normal
QCOM,QUALCOMM Incorporated,20-07-2015,Qualcomm preparing to lay off several thousand employees: tech website ,Chipmaker Qualcomm Inc is preparing to lay off several thousand employees  or more than 10 percent of its 30 000-strong workforce  the Information website reported on Monday.,topStory
QCOM,QUALCOMM Incorporated,20-07-2015,UPDATE 1-Qualcomm preparing to lay off several thousand employees - tech website ,July 20 Chipmaker Qualcomm Inc is preparing to lay off several thousand employees  or more than 10 percent of its 30 000-strong workforce  the Information website reported on Monday.,normal
QCOM,QUALCOMM Incorporated,20-07-2015,CORRECTED-Qualcomm preparing to layoff as many as several thousand employees -tech website ,SAN FRANCISCO  July 20 Qualcomm Inc is preparing to layoff as many as several thousand employees  tech website The Information reported on Monday.,normal
QCOM,QUALCOMM Incorporated,21-07-2015,Qualcomm may consider breakup: WSJ ,Qualcomm Inc  is expected to conduct a strategic review that may result in the breakup of the company  among other options  the Wall Street Journal reported on Monday citing sources.,topStory
QCOM,QUALCOMM Incorporated,21-07-2015,Qualcomm may consider breakup - WSJ ,July 20 Qualcomm Inc is expected to conduct a strategic review that may result in the breakup of the company  among other options  the Wall Street Journal reported on Monday citing sources.,normal
QCOM,QUALCOMM Incorporated,22-07-2015,Qualcomm slashes jobs and costs  says may split itself up ,Chipmaker Qualcomm Inc  said it may break itself up as it delivered its third profit warning this year and announced plans to slash jobs and spending in the face of rising competition. | Video ,topStory
QCOM,QUALCOMM Incorporated,22-07-2015,RPT-UPDATE 1-Qualcomm says may split itself  cut jobs ,July 22 Chipmaker Qualcomm Inc said it may break itself up as it delivered its third profit warning this year and announced plans to slash jobs and spending.,normal
QCOM,QUALCOMM Incorporated,22-07-2015,Qualcomm says may split itself ,July 22 Chipmaker Qualcomm Inc said on Wednesday that it would conduct a strategic review that may result in the company being broken up.,normal
QCOM,QUALCOMM Incorporated,23-07-2015,Qualcomm's potential break-up could lead to courtship with Intel ,Wall Street says Intel Corp is the best suitor for Qualcomm Inc's chip unit  if the maker of Snapdragon mobile processors decides to break itself up.,topStory
QCOM,QUALCOMM Incorporated,23-07-2015,Qualcomm's potential break-up could lead to courtship with Intel ,Wall Street says Intel Corp is the best suitor for Qualcomm Inc's chip unit  if the maker of Snapdragon mobile processors decides to break itself up.,normal
QCOM,QUALCOMM Incorporated,24-07-2015,BRIEF-CSR says China clears Qualcomm's acquisition of CSR ,* Acquisition of CSR by Qualcomm has been cleared by Ministry of Commerce of People's Republic of China,topStory
QCOM,QUALCOMM Incorporated,24-07-2015,Qualcomm's potential break-up could lead to courtship with Intel ,Wall Street says Intel Corp  is the best suitor for Qualcomm Inc's  chip unit  if the maker of Snapdragon mobile processors decides to break itself up.,normal
QCOM,QUALCOMM Incorporated,31-07-2015,Qualcomm wins appeal in $173 mln ParkerVision case ,NEW YORK A U.S. appeals court on Friday upheld a lower court's decision to clear Qualcomm Inc in a patent lawsuit by wireless chip developer ParkerVision Inc   allowing it to escape a $173 million verdict for infringement.,topStory
QCOM,QUALCOMM Incorporated,31-07-2015,Qualcomm wins appeal in $173 million ParkerVision case ,NEW YORK A U.S. appeals court on Friday upheld a lower court's decision to clear Qualcomm Inc in a patent lawsuit by wireless chip developer ParkerVision Inc  allowing it to escape a $173 million verdict for infringement.,normal
QCOM,QUALCOMM Incorporated,31-07-2015,UPDATE 1-Qualcomm wins appeal in $173 mln ParkerVision case ,NEW YORK  July 31 A U.S. appeals court on Friday upheld a lower court's decision to clear Qualcomm Inc  in a patent lawsuit by wireless chip developer ParkerVision Inc   allowing it to escape a $173 million verdict for infringement.,normal
QCOM,QUALCOMM Incorporated,31-07-2015,Qualcomm wins appeal in $173 mln ParkerVision case ,NEW YORK  July 31 A U.S. appeals court on Friday upheld a lower court's decision to clear Qualcomm Inc  in a patent lawsuit by ParkerVision Inc  allowing it to escape a $173 million verdict for infringement.,normal
QCOM,QUALCOMM Incorporated,26-08-2015,Ex-Merrill Lynch broker spared prison in Qualcomm insider trading case ,A former Merrill Lynch stock broker was spared prison after admitting to concealing a Qualcomm Inc executive's insider trading and obstructing a subsequent investigation.,topStory
QCOM,QUALCOMM Incorporated,26-08-2015,Qualcomm sells UK spectrum rights to Vodafone and CK Hutchison -Bloomberg ,Aug 26 Chipmaker Qualcomm Inc has sold its U.K. spectrum rights to Vodafone Group Plc and CK Hutchison Holdings Ltd for about 200 million pounds ($313.8 million)  Bloomberg reported  citing people familiar with the matter.,normal
QCOM,QUALCOMM Incorporated,03-09-2015,Qualcomm president says splitting company may not create value ,NEW YORK Qualcomm Inc's  President Derek Aberle  under pressure from activist hedge fund Jana Partners to improve the licensing and chip design firm's stock performance  on Thursday sounded a cautionary note about a potential breakup of the company.,topStory
QCOM,QUALCOMM Incorporated,04-11-2015,China woes hurt chipmaker Qualcomm's profit forecast ,Qualcomm Inc  forecast first-quarter profit way below analysts' expectations as the chipmaker struggles against fierce competition from Chinese and Taiwanese rivals  and faces delays in closing new licensing agreements in China.,topStory
QCOM,QUALCOMM Incorporated,04-11-2015,Chipmaker Qualcomm's quarterly profit plunges 44 pct ,Nov 4 Chipmaker Qualcomm Inc's  quarterly profit plunged 44 percent as the company was hurt by fierce competition and it took longer than expected to close new license agreements in China.,normal
QCOM,QUALCOMM Incorporated,05-11-2015,China woes hurt chipmaker Qualcomm's profit forecast ,Qualcomm Inc forecast first-quarter profit way below analysts' expectations as the chipmaker struggles against fierce competition from Chinese and Taiwanese rivals  and faces delays in closing new licensing agreements in China.,topStory
QCOM,QUALCOMM Incorporated,02-12-2015,Qualcomm to license patents to Chinese mobile phone maker Xiaomi ,Chipmaker Qualcomm Inc signed a licensing pact with Xiaomi Technology Co Ltd [XTC.UL] that allows the Chinese smartphone maker to use its patents to make and sell 3G and 4G devices.,topStory
QCOM,QUALCOMM Incorporated,02-12-2015,UPDATE 1-Qualcomm to license patents to Chinese mobile phone maker Xiaomi ,Dec 2 Chipmaker Qualcomm Inc signed a licensing pact with Xiaomi Technology Co Ltd that allows the Chinese smartphone maker to use its patents to make and sell 3G and 4G devices.,normal
QCOM,QUALCOMM Incorporated,02-12-2015,Qualcomm to license patents to Chinese mobile phone maker Xiaomi ,Dec 2 Chipmaker Qualcomm Inc signed a licensing pact with Xiaomi Technology Co Ltd that allows the Chinese smartphone maker to use its patents to make and sell 3G and 4G devices.,normal
QCOM,QUALCOMM Incorporated,08-12-2015,EU antitrust regulators accuse Qualcomm of hindering rivals ,BRUSSELS  Dec 8 European Union antitrust regulators charged U.S. chipmaker Qualcomm on Tuesday of using anti-competitive practices to block rivals.,topStory
QCOM,QUALCOMM Incorporated,15-12-2015,Qualcomm decides against breakup  says current structure best ,Qualcomm Inc has decided not to split into separate chipmaking and technology licensing businesses  concluding a six-month strategic review instigated by hedge fund Jana Partners.,topStory
QCOM,QUALCOMM Incorporated,15-12-2015,CORRECTED-UPDATE 3-Qualcomm decides against breakup  says current structure best ,Dec 15 Qualcomm Inc has decided not to split into separate chipmaking and technology licensing businesses  concluding a six-month strategic review instigated by hedge fund Jana Partners.,normal
QCOM,QUALCOMM Incorporated,15-12-2015,Qualcomm says to maintain current corporate structure ,Dec 15 Qualcomm Inc has decided not to separate its chipmaking and technology licensing businesses  concluding a six-month strategic review pushed by hedge fund Jana Partners.,normal
QCOM,QUALCOMM Incorporated,14-01-2016,Samsung Electronics to produce new Qualcomm chips in blow to TSMC ,SEOUL Qualcomm Inc said on Thursday Samsung Electronics Co Ltd will become the sole manufacturer of its new flagship mobile chip  a major boost for the South Korean tech giant as it vies for deals with bigger rival TSMC.,topStory
QCOM,QUALCOMM Incorporated,17-01-2016,Qualcomm unveils $280 million joint venture with Chinese province ,NEW YORK Qualcomm Inc and the provincial government of Guizhou in southwest China unveiled on Sunday a $280 million joint venture for the design  development and sale of advanced server technology  as the U.S. chipmaker deepens its Chinese relations.,topStory
QCOM,QUALCOMM Incorporated,20-01-2016,GSK said to be in talks with Qualcomm to form JV: Bloomberg ,Pharmaceutical group GlaxoSmithKline Plc  is said to be in discussions with chipmaker Qualcomm Inc  to form a joint venture as GSK looks for ways to develop medical technology  Bloomberg reported on Wednesday.,topStory
QCOM,QUALCOMM Incorporated,27-01-2016,Qualcomm forecasts weak profit as demand slows for mobile chips ,Qualcomm Inc forecast current-quarter profit below analysts' expectations as demand weakens for its chips used in mobile devices in a slowing market.,topStory
QCOM,QUALCOMM Incorporated,27-01-2016,Qualcomm's quarterly revenue falls 18.7 pct ,Jan 27 Qualcomm Inc's quarterly revenue fell 18.7 percent as demand for its chips for mobile devices declined amid stiff competition from Chinese and Taiwanese rivals.,normal
QCOM,QUALCOMM Incorporated,01-03-2016,U.S. fines Qualcomm for hiring relatives of China officials: SEC ,Qualcomm Inc has agreed to pay $7.5 million to settle charges it violated U.S. anti-bribery laws by hiring relatives of Chinese officials to obtain business  the U.S. Securities and Exchange Commission said on Tuesday.,topStory
QCOM,QUALCOMM Incorporated,01-03-2016,U.S. fines Qualcomm for hiring relatives of China officials -SEC ,Qualcomm Inc has agreed to pay $7.5 million to settle charges it violated U.S. anti-bribery laws by hiring relatives of Chinese officials to obtain business  the U.S. Securities and Exchange Commission said on Tuesday.,normal
QCOM,QUALCOMM Incorporated,01-03-2016,UPDATE 2-U.S. fines Qualcomm for hiring relatives of China officials -SEC ,March 1 Qualcomm Inc has agreed to pay $7.5 million to settle charges it violated U.S. anti-bribery laws by hiring relatives of Chinese officials to obtain business  the U.S. Securities and Exchange Commission said on Tuesday.,normal
QCOM,QUALCOMM Incorporated,01-03-2016,BRIEF-Qualcomm enters into settlement with U.S. SEC ,* Qualcomm enters into settlement with U.S. Securities and Exchange Commission with respect to its Foreign Corrupt Practices Act investigation,normal
QCOM,QUALCOMM Incorporated,01-03-2016,U.S. fines Qualcomm for hiring relatives of China officials -SEC ,March 1 Qualcomm Inc has agreed to pay $7.5 million to settle charges that it violated U.S. anti-bribery laws by hiring relatives of Chinese officials to obtain business  the U.S. Securities and Exchange Commission said on Tuesday.,normal
QCOM,QUALCOMM Incorporated,14-03-2016,BRIEF-Goertek  Qualcomm sign agreements on chips and software cooperation ,* Says signs agreements with  Qualcomm and units on chips and software cooperation,topStory
QCOM,QUALCOMM Incorporated,17-03-2016,BRIEF-Qualcomm appoints mary gendron as senior vice president and chief information officer ,* Qualcomm appoints Mary Gendron as senior vice president and chief information officer,topStory
QCOM,QUALCOMM Incorporated,01-04-2016,BRIEF-Qualcomm  Ricardo sign license agreement ,* Qualcomm and ricardo sign commercial wireless electric vehicle charging license agreement,topStory
QCOM,QUALCOMM Incorporated,18-04-2016,BRIEF-Qualcomm signs 3G/4G Chinese patent license agreement with Yulong ,* Qualcomm signs 3g/4g Chinese patent license agreement with Yulong,topStory
QCOM,QUALCOMM Incorporated,20-04-2016,Qualcomm profit forecast misses estimates as chip shipments drop ,U.S. chipmaker Qualcomm Inc  forecast third-quarter profit below analysts estimates as it expects to ship fewer chips  including those for smartphones  its biggest business.,topStory
QCOM,QUALCOMM Incorporated,20-04-2016,UPDATE 2-Qualcomm profit forecast misses estimates as chip shipments drop ,April 20 U.S. chipmaker Qualcomm Inc  forecast third-quarter profit below analysts estimates as it expects to ship fewer chips  including those for smartphones  its biggest business.,normal
QCOM,QUALCOMM Incorporated,20-04-2016,BRIEF-Qualcomm signs 3G/4G Chinese patent license agreement with Hisense ,* Qualcomm signs 3G/4G Chinese patent license agreement with Hisense,normal
QCOM,QUALCOMM Incorporated,20-04-2016,Qualcomm revenue falls 19.5 pct ,April 20 Qualcomm Inc reported a 19.5 percent fall in quarterly revenue  hurt by lower demand for its chips for mobile devices amid stiff competition from Chinese and Taiwanese rivals.,normal
QCOM,QUALCOMM Incorporated,17-06-2016,BRIEF-TDK expected to book 130 bln yen profit from spinning off assets to wireless communications partnership with Qualcomm - Nikkei ,* TDK expected to book a 130 bln yen ($1.24 Bln) profit from spinning off assets to a wireless communications partnership with Qualcomm this FY - Nikkei,topStory
QCOM,QUALCOMM Incorporated,24-06-2016,Qualcomm files complaint in China court against smartphone maker Meizu ,June 24 Qualcomm Inc has filed a complaint in a Chinese court against smartphone maker Meizu Technology Co after the tech giant said it was unable to reach a licensing accord with one of the top 10 handset suppliers in its biggest market.,topStory
QCOM,QUALCOMM Incorporated,30-06-2016,BRIEF-Qualcomm files patent infringement complaints against Meizu ,* Qualcomm files patent infringement complaints against Meizu in China  Source text for Eikon:  Further company coverage:,topStory
QCOM,QUALCOMM Incorporated,30-06-2016,Qualcomm files 17 new complaints in China courts against smartphone maker Meizu ,SHANGHAI Qualcomm Inc has filed 17 fresh complaints in China against Meizu Technology Co  stepping up its battle with the Chinese smartphone maker after the two were unable to reach a licensing accord in the U.S. tech giant's biggest market.,normal
QCOM,QUALCOMM Incorporated,30-06-2016,Qualcomm files 17 new complaints in China courts against smartphone maker Meizu ,SHANGHAI  June 30 Qualcomm Inc has filed 17 fresh complaints in China against Meizu Technology Co  stepping up its battle with the Chinese smartphone maker after the two were unable to reach a licensing accord in the U.S. tech giant's biggest market.,normal
QCOM,QUALCOMM Incorporated,20-07-2016,Strong demand from China buoys Qualcomm forecast ,Qualcomm Inc forecast current-quarter profit largely above market estimates as it sees strong demand for its mobile chips in China and expects to sign more licensing deals.,topStory
QCOM,QUALCOMM Incorporated,20-07-2016,UPDATE 2-Strong demand from China buoys Qualcomm forecast ,July 20 Qualcomm Inc forecast current-quarter profit largely above market estimates as it sees strong demand for its mobile chips in China and expects to sign more licensing deals.,normal
QCOM,QUALCOMM Incorporated,20-07-2016,Qualcomm revenue rises 3.6 percent ,July 20 Qualcomm Inc reported a 3.6 percent rise in quarterly revenue  driven by strong demand for its flagship Snapdragon processors used in smartphones.,normal
QCOM,QUALCOMM Incorporated,27-07-2016,BRIEF-Qualcomm  Lear sign commercial wireless electric vehicle charging license agreement ,* Lear will be including Qualcomm Halo WEVC technology in its product portfolio,topStory
QCOM,QUALCOMM Incorporated,27-07-2016,Qualcomm to pay $19.5 mln to settle gender discrimination class action ,Qualcomm Inc has agreed to pay $19.5 million to settle a proposed gender bias class action accusing the San Diego-based chip manufacturer of failing to give 3 300 female employees the same pay and promotion opportunities as their male colleagues.,normal
QCOM,QUALCOMM Incorporated,28-07-2016,BRIEF-Precise Biometrics signs licensing deal with Qualcomm ,* Enters agreement with Qualcomm for the licensing of Precise Biomatch Mobile,topStory
QCOM,QUALCOMM Incorporated,03-08-2016,BRIEF-Qualcomm powers next generation Samsung Galaxy Note7 ,"* Qualcomm Technologies Inc is ""powering"" Samsung's smartphone  Samsung Galaxy Note7 for select regions  Source text for Eikon:  Further company coverage:    (Bengaluru Newsroom: +1-646-223-8780)",topStory
QCOM,QUALCOMM Incorporated,30-08-2016,BRIEF-Qualcomm and Boehringer Ingelheim Pharmaceuticals collaborate to add new digital technology to Respimat inhaler ,* Qualcomm and Boehringer Ingelheim Pharmaceuticals collaborate to add new digital technology to respimat inhaler  Source text for Eikon:  Further company coverage:,topStory
QCOM,QUALCOMM Incorporated,31-08-2016,BRIEF-Philips and Qualcomm announce strategic collaboration to advance personalized connected health care ,* Philips and Qualcomm announce strategic collaboration to advance personalized connected health care  Source text for Eikon:  Further company coverage:,topStory
QCOM,QUALCOMM Incorporated,06-09-2016,BRIEF-Qualcomm and AT&T to trial drones on cellular network ,* Qualcomm and AT&T to trial drones on cellular network to accelerate wide-scale deployment,topStory
QCOM,QUALCOMM Incorporated,29-09-2016,NXP Semiconductors explores sale to Qualcomm: sources ,NXP Semiconductors NV  is exploring selling itself to Qualcomm Inc  in a deal that could be valued at more than $30 billion  two sources familiar with the matter said on Thursday.,topStory
QCOM,QUALCOMM Incorporated,29-09-2016,UPDATE 6-NXP Semiconductors explores sale to Qualcomm-sources ,Sept 29 NXP Semiconductors NV is exploring selling itself to Qualcomm Inc in a deal that could be valued at more than $30 billion  two sources familiar with the matter said on Thursday.,normal
QCOM,QUALCOMM Incorporated,29-09-2016,Qualcomm in talks to buy NXP Semiconductors - CNBC  citing DJ ,Sept 29 Chipmaker Qualcomm Inc is in talks to buy NXP Semiconductors NV in a deal that could value NXP at more than $30 billion  CNBC reported  citing Dow Jones.,normal
QCOM,QUALCOMM Incorporated,29-09-2016,BRIEF-Qualcomm in talks to buy NXP Semiconductors  which could value NXP at more than $30 bln - CNBC  citing Dow Jones ,* Qualcomm in talks to acquire NXP Semiconductors  which could value NXP at more than $30 bln - CNBC  citing Dow Jones  Further company coverage:    (Bengaluru Newsroom),normal
QCOM,QUALCOMM Incorporated,30-09-2016,Qualcomm to fight EU antitrust charge at November 10 hearing: sources ,BRUSSELS U.S. chipmaker Qualcomm will attempt to fend off EU antitrust charges at a hearing on Nov. 10 that it used anti-competitive methods to squeeze out a rival  two people familiar with the matter said on Friday.,topStory
QCOM,QUALCOMM Incorporated,30-09-2016,Qualcomm to fight EU antitrust charge at Nov. 10 hearing - sources ,BRUSSELS  Sept 30 U.S. chipmaker Qualcomm  will attempt to fend off EU antitrust charges at a hearing on Nov. 10 that it used anti-competitive methods to squeeze out a rival  two people familiar with the matter said on Friday.,normal
QCOM,QUALCOMM Incorporated,06-10-2016,BRIEF-NXP Semiconductors asking price $120/share  talks with Qualcomm continue  no deal imminent- CNBC  citing sources ,* NXP Semiconductors asking price is $120/Share; talks with qualcomm continue  no deal imminent- CNBC  citing sources,topStory
QCOM,QUALCOMM Incorporated,10-10-2016,BRIEF-Qualcomm appoints Ann Livermore to its board of directors ,* Qualcomm appoints Ann M. Livermore to its board of directors,topStory
QCOM,QUALCOMM Incorporated,14-10-2016,BRIEF-Qualcomm files actions against Meizu in the U.S. Germany And France ,* Qualcomm files actions against Meizu in the United States  Germany And France,topStory
QCOM,QUALCOMM Incorporated,19-10-2016,BRIEF-Qualcomm appoints Alex Rogers as EVP and president of QTl ,* Qualcomm appoints Alex Rogers as EVP and president of QTl  Source text for Eikon:  Further company coverage:,topStory
QCOM,QUALCOMM Incorporated,21-10-2016,Qualcomm nears $37 billion deal to buy NXP Semiconductors: source ,Qualcomm Inc is nearing a deal to acquire NXP Semiconductors NV for around $37 billion  a person familiar with the matter said on Friday  as the U.S. company seeks to expand the reach of its chips from phones to cars.,topStory
QCOM,QUALCOMM Incorporated,21-10-2016,UPDATE 1-Qualcomm nears $37 billion deal to buy NXP Semiconductors -source ,Oct 21 Qualcomm Inc is nearing a deal to acquire NXP Semiconductors NV for around $37 billion  a person familiar with the matter said on Friday  as the U.S. company seeks to expand the reach of its chips from phones to cars.,normal
QCOM,QUALCOMM Incorporated,27-10-2016,BRIEF-NXP Semiconductors will be obligated to pay to Qualcomm termination fee equal to $1.25 bln in cash if NXP enters superior proposal ,* Nxp semiconductors - nxp will be obligated to pay to qualcomm termination fee equal to $1.25 billion in cash if nxp to enters into superior proposal,topStory
QCOM,QUALCOMM Incorporated,27-10-2016,Qualcomm to buy NXP for $38 billion in biggest chip deal ,Smartphone chipmaker Qualcomm Inc  agreed to buy NXP Semiconductors NV  for about $38 billion in the biggest-ever deal in the semiconductor industry  making it the leading supplier to the fast-growing automotive chips market. | Video ,normal
QCOM,QUALCOMM Incorporated,27-10-2016,UPDATE 5-Qualcomm to buy NXP for $38 bln in biggest chip deal ,* Qualcomm shares up 4 pct  NXP up 1.4 pct   (Adds Breaking Views link  updates shares),normal
QCOM,QUALCOMM Incorporated,27-10-2016,BRIEF-Qualcomm to acquire NXP ,* Qualcomm Inc - Total enterprise value of approximately $47 billion,normal
QCOM,QUALCOMM Incorporated,27-10-2016,Qualcomm to buy NXP Semiconductors for enterprise value of $47 bln ,Oct 27 Qualcomm Inc said on Thursday it had agreed to buy NXP Semiconductors NV for an enterprise value of about $47 billion  as it seeks to expand the reach of its chips from phones to cars.,normal
QCOM,QUALCOMM Incorporated,02-11-2016,Qualcomm reports better-than-expected quarterly revenue ,Smartphone chipmaker Qualcomm Inc  which agreed to buy NXP Semiconductors NV for about $38 billion last week   reported a better-than-expected 13.3 percent rise in quarterly revenue  helped by strong demand  particularly in China.,topStory
QCOM,QUALCOMM Incorporated,02-11-2016,UPDATE 1-Qualcomm reports better-than-expected quarterly revenue ,Nov 2 Smartphone chipmaker Qualcomm Inc   which agreed to buy NXP Semiconductors NV for about $38 billion last week   reported a better-than-expected 13.3 percent rise in quarterly revenue  helped by strong demand  particularly in China.,normal
QCOM,QUALCOMM Incorporated,02-11-2016,Qualcomm's quarterly revenue rises 13.3 pct ,Nov 2 Smartphone chipmaker Qualcomm Inc   which agreed to buy NXP Semiconductors NV for about $38 billion last week   reported a 13.3 percent rise in quarterly revenue on Wednesday  helped by strong demand.,normal
QCOM,QUALCOMM Incorporated,02-11-2016,BRIEF-Qualcomm posts Q4 earnings per share $1.07 ,* Qualcomm announces fourth quarter and fiscal 2016 results fiscal 2016 revenues $23.6 billion; GAAP EPS $3.81  non-GAAP EPS $4.44,normal
QCOM,QUALCOMM Incorporated,08-11-2016,BRIEF-Qualcomm  Preh sign commercial wireless electric vehicle charging license agreement ,* Preh will include Qualcomm Halo WEVC technology in its product portfolio,topStory
QCOM,QUALCOMM Incorporated,09-11-2016,BRIEF-Qualcomm enters pact for term loan facility ,* Qualcomm - on November 8  entered into a credit agreement - SEC filing,topStory
QCOM,QUALCOMM Incorporated,14-11-2016,BRIEF-Qualcomm Inc - Qualcomm Technologies introduces its first 5g new radio spectrum sharing prototype system and trial platform ,* Qualcomm Inc - Unit   Qualcomm Technologies  Inc.  has introduced its first 5g new radio (NR) spectrum sharing prototype system and trial platform,topStory
QCOM,QUALCOMM Incorporated,15-11-2016,US trade panel eyes Qualcomm patent complaint against Chinese firms ,WASHINGTON The U.S. International Trade Commission said on Tuesday it had voted to investigate whether some electronic mobile devices from Chinese companies contain hardware and software components that infringe upon patents owned by Qualcomm Inc .,topStory
QCOM,QUALCOMM Incorporated,15-11-2016,US trade panel eyes Qualcomm patent complaint against Chinese firms ,WASHINGTON  Nov 15 The U.S. International Trade Commission said on Tuesday it had voted to investigate whether some electronic mobile devices from Chinese companies contain hardware and software components that infringe upon patents owned by Qualcomm Inc.,normal
QCOM,QUALCOMM Incorporated,17-11-2016,BRIEF-Qualcomm and Samsung collaborate on 10nm process technology ,* Subsidiary  Qualcomm Technologies  Inc and Samsung Electronics Co.  Ltd.  have extended strategic foundry collaboration,topStory
QCOM,QUALCOMM Incorporated,18-11-2016,BRIEF-Qualcomm commences cash tender offer for all outstanding shares of NXP ,* Qualcomm commences cash tender offer for all outstanding shares of NXP  Source text for Eikon:  Further company coverage:,topStory
QCOM,QUALCOMM Incorporated,28-12-2016,South Korea fines Qualcomm $854 million for violating competition laws ,SEJONG  South Korea/SAN FRANCISCO South Korea's antitrust regulator fined Qualcomm Inc  1.03 trillion won ($854 million) for what it called unfair business practices in patent licensing and modem chip sales  a decision the U.S. chipmaker said it will challenge in court. | Video ,topStory
QCOM,QUALCOMM Incorporated,09-01-2017,Microsoft  Qualcomm back Israel's Team8 cybersecurity firm ,TEL AVIV  Jan 9 The venture arms of Microsoft  and Qualcomm have invested in Team8  an Israeli creator of cybersecurity start-ups  as big multinational companies get behind Israel's burgeoning cyber industry in the face of growing threats.,normal
QCOM,QUALCOMM Incorporated,17-01-2017,U.S. antitrust agency sues Qualcomm over patent licensing ,"WASHINGTON The U.S. Federal Trade Commission filed a lawsuit against Qualcomm Inc on Tuesday  accusing the company of using ""anticompetitive"" tactics to maintain its monopoly on a key semiconductor used in mobile phones.",topStory
QCOM,QUALCOMM Incorporated,17-01-2017,U.S. antitrust agency sues Qualcomm over patent licensing ,"WASHINGTON The U.S. Federal Trade Commission filed a lawsuit against Qualcomm Inc on Tuesday  accusing the company of using ""anticompetitive"" tactics to maintain its monopoly on a key semiconductor used in mobile phones.",normal
QCOM,QUALCOMM Incorporated,17-01-2017,UPDATE 3-U.S. antitrust agency sues Qualcomm over patent licensing ,"WASHINGTON  Jan 17 The U.S. Federal Trade Commission filed a lawsuit against Qualcomm Inc on Tuesday  accusing the company of using ""anticompetitive"" tactics to maintain its monopoly on a key semiconductor used in mobile phones.",normal
QCOM,QUALCOMM Incorporated,17-01-2017,BRIEF-Qualcomm responds to complaint from U.S. Federal Trade Commission ,* Qualcomm responds to complaint from u.s. Federal Trade Commission,normal
QCOM,QUALCOMM Incorporated,17-01-2017,U.S. antitrust agency sues Qualcomm over patent licensing ,WASHINGTON  Jan 17 The U.S. Federal Trade Commission filed a lawsuit against Qualcomm Inc on Tuesday  accusing the company of antitrust violations in its patent licensing business.,normal
QCOM,QUALCOMM Incorporated,17-01-2017,Qualcomm said to face U.S. antitrust case on licensing practices - BBG ,Jan 17 Qualcomm Inc is set to face a U.S. antitrust case for allegedly using unfair practices in the way the chipmaker licenses its technology  Bloomberg reported  citing people familiar with the matter. (http://bloom.bg/2iLeYus),normal
QCOM,QUALCOMM Incorporated,19-01-2017,BRIEF-Qualcomm CEO Mollenkopf's 2016 compensation $11.1 mln vs $10.4 mln in 2015 ,* Qualcomm Inc - CEO Steve Mollenkopf's 2016 total compensation $11.1 million versus $10.4 million in 2015 - SEC filing,topStory
QCOM,QUALCOMM Incorporated,20-01-2017,BRIEF-Apple sues Qualcomm for roughly $1 bln over royalties - CNBC ,* Apple sues Qualcomm for roughly $1 billion over royalties - CNBC  Source text : http://cnb.cx/2jy3p8P Further company coverage:,topStory
QCOM,QUALCOMM Incorporated,21-01-2017,Apple files $1 billion lawsuit against chip supplier Qualcomm ,Apple Inc filed a $1 billion lawsuit against supplier Qualcomm Inc on Friday  days after the U.S. government accused the chip maker of resorting to anticompetitive tactics to maintain a monopoly over key semiconductors in mobile phones.,topStory
QCOM,QUALCOMM Incorporated,21-01-2017,Apple files $1 billion lawsuit against chip supplier Qualcomm ,Apple Inc filed a $1 billion lawsuit against supplier Qualcomm Inc on Friday  days after the U.S. government accused the chip maker of resorting to anticompetitive tactics to maintain a monopoly over key semiconductors in mobile phones.,normal
QCOM,QUALCOMM Incorporated,21-01-2017,UPDATE 4-Apple files $1 billion lawsuit against chip supplier Qualcomm ,Jan 20 Apple Inc filed a $1 billion lawsuit against supplier Qualcomm Inc on Friday  days after the U.S. government accused the chip maker of resorting to anticompetitive tactics to maintain a monopoly over key semiconductors in mobile phones.,normal
QCOM,QUALCOMM Incorporated,25-01-2017,Chipmaker Qualcomm's revenue rises 3.9 pct amid legal challenges ,"Jan 25 Qualcomm Inc reported a 3.9 percent rise in quarterly revenue  boosted by strong demand for its chips used in smartphones  at a time when the company is facing multiple legal challenges over its alleged ""anticompetitive"" tactics.",normal
QCOM,QUALCOMM Incorporated,25-01-2017,BRIEF-Qualcomm Inc Q4 results press release ,Please click on the link below for Qualcomm Inc's fourth-quarter earnings press release:  Source text: ( http://bit.ly/2kuagDd ),normal
QCOM,QUALCOMM Incorporated,25-01-2017,With new class action  phone and tablet buyers add to Qualcomm’s woes ,Every day seems to bring new troubles for Qualcomm  the chip maker accused last week by Apple and the Federal Trade Commission of abusing its monopoly on a key broadband processor used in cellphones and tablets. Wednesday’s headache: an antitrust class action by consumers who bought devices containing the Qualcomm processors.,normal
QCOM,QUALCOMM Incorporated,25-01-2017,Apple sues Qualcomm in Beijing seeking 1 billion yuan ,Apple Inc filed a lawsuit against Qualcomm Inc in Beijing  alleging the chip supplier abused its clout in the chip industry and seeking 1 billion yuan ($145.32 million) in damages  Beijing's Intellectual Property Court said in a statement on Wednesday.,normal
QCOM,QUALCOMM Incorporated,25-01-2017,Apple sues Qualcomm in Beijing seeking 1 billion yuan ,WASHINGTON Apple Inc filed a lawsuit against Qualcomm Inc in Beijing  alleging the chip supplier abused its clout in the chip industry and seeking 1 billion yuan ($145.32 million) in damages  Beijing's Intellectual Property Court said in a statement on Wednesday.,normal
QCOM,QUALCOMM Incorporated,25-01-2017,UPDATE 1-Apple sues Qualcomm in Beijing seeking 1 billion yuan ,WASHINGTON  Jan 25 Apple Inc filed a lawsuit against Qualcomm Inc in Beijing  alleging the chip supplier abused its clout in the chip industry and seeking 1 billion yuan ($145.32 million) in damages  Beijing's Intellectual Property Court said in a statement on Wednesday.,normal
QCOM,QUALCOMM Incorporated,25-01-2017,Apple sues Qualcomm in Beijing seeking 1 billion yuan ,WASHINGTON  Jan 25 Apple Inc filed a lawsuit against Qualcomm Inc in Beijing  alleging that the chip supplier abused its clout in the chip industry and seeking 1 billion yuan ($145.32 million) in damages  Beijing's Intellectual Property Court said in a statement on Wednesday.,normal
QCOM,QUALCOMM Incorporated,26-01-2017,As regulators waver  Apple takes on Qualcomm in courts ,SAN FRANCISCO Apple Inc's new legal assault on Qualcomm in the United States and China reflects its conclusion that regulators are unlikely to put an end to what it considers the chip maker's unfair business practices  analysts said.,topStory
QCOM,QUALCOMM Incorporated,26-01-2017,As regulators waver  Apple takes on Qualcomm in courts ,SAN FRANCISCO Apple Inc's new legal assault on Qualcomm in the United States and China reflects its conclusion that regulators are unlikely to put an end to what it considers the chip maker's unfair business practices  analysts said.,normal
QCOM,QUALCOMM Incorporated,26-01-2017,As regulators waver  Apple takes on Qualcomm in courts ,SAN FRANCISCO  Jan 26 Apple Inc's new legal assault on Qualcomm in the United States and China reflects its conclusion that regulators are unlikely to put an end to what it considers the chip maker's unfair business practices  analysts said.,normal
QCOM,QUALCOMM Incorporated,26-01-2017,Qualcomm misses revenue estimates  defends licensing model ,"Qualcomm Inc reported a lower-than-expected 3.9 percent rise in quarterly revenue on Wednesday  and defended its licensing model in the face of multiple legal challenges over its alleged ""anticompetitive"" tactics.",normal
QCOM,QUALCOMM Incorporated,26-01-2017,UPDATE 3-Qualcomm misses revenue estimates  defends licensing model ,"Jan 25 Qualcomm Inc reported a lower-than-expected 3.9 percent rise in quarterly revenue on Wednesday  and defended its licensing model in the face of multiple legal challenges over its alleged ""anticompetitive"" tactics.",normal
QCOM,QUALCOMM Incorporated,27-01-2017,BRIEF-NXP shareholders approve all items proposed relating to Qualcomm's tender offer ,* Nxp shareholders approve all items proposed relating to qualcomm's tender offer,topStory
QCOM,QUALCOMM Incorporated,06-02-2017,BRIEF-Qualcomm extends cash tender offer for all outstanding shares of NXP ,* Qualcomm extends cash tender offer for all outstanding shares of nxp,topStory
QCOM,QUALCOMM Incorporated,06-02-2017,BRIEF-TDK unit to transfer 51 pct stake in RF360 Holdings Singapore PTE. Ltd. to Qualcomm Global Trading PTE. Ltd ,* Says the co's wholly owned unit EPCOS AG will transfer 51 percent stake in RF360 Holdings Singapore PTE. Ltd. to Qualcomm Global Trading PTE. Ltd  a unit of Qualcomm Inc,normal
QCOM,QUALCOMM Incorporated,13-02-2017,BRIEF-Qualcomm announces first end-to-end 802.11ax Wi-Fi portfolio ,* Qualcomm announces first end-to-end 802.11ax Wi-Fi portfolio,topStory
QCOM,QUALCOMM Incorporated,07-03-2017,BRIEF-Qualcomm increases quarterly dividend by 7.5 pct to $0.57 per share of common stock ,* Qualcomm inc - quarterly cash dividend will increase from $0.53 to $0.57 per share of common stock  Source text for Eikon:  Further company coverage:,topStory
QCOM,QUALCOMM Incorporated,08-03-2017,BRIEF-ParkerVision says patent trial and appeal board issued decisions regarding petitions for inter partes review filed by Qualcomm against ParkerVision patents ,* ParkerVision - patent trial and appeal board has issued decisions regarding petitions for inter partes review filed by Qualcomm against ParkerVision patents,topStory
QCOM,QUALCOMM Incorporated,29-03-2017,BRIEF-Qualcomm appoints James Thompson as chief technology officer ,* Qualcomm appoints Dr. James H. Thompson as chief technology officer,topStory
QCOM,QUALCOMM Incorporated,04-04-2017,Qualcomm  NXP receive antitrust approval ,April 4 Smartphone chipmaker Qualcomm Inc has received approval from U.S. antitrust regulators for its proposed $47 billion acquisition of NXP Semiconductors NV  Qualcomm said in a statement on Tuesday.,topStory
QCOM,QUALCOMM Incorporated,04-04-2017,BRIEF-Qualcomm extends cash tender offer for all outstanding shares of NXP ,* Qualcomm extends cash tender offer for all outstanding shares of NXP,normal
QCOM,QUALCOMM Incorporated,05-04-2017,Qualcomm  NXP receive antitrust approval ,Smartphone chipmaker Qualcomm Inc has received approval from U.S. antitrust regulators for its proposed $47 billion acquisition of NXP Semiconductors NV   Qualcomm said in a statement on Tuesday.,topStory
QCOM,QUALCOMM Incorporated,11-04-2017,Qualcomm hits back at Apple's lawsuit  accuses iPhone maker of false statements ,Qualcomm Inc hit back at Apple Inc's charges that were made in a U.S. lawsuit in January  saying the iPhone maker breached agreements with the firm and encouraged regulatory attacks on its business in various jurisdictions around the world by making false statements.,topStory
QCOM,QUALCOMM Incorporated,11-04-2017,Qualcomm hits back at Apple's lawsuit  accuses iPhone maker of false statements ,Qualcomm Inc hit back at Apple Inc's charges that were made in a U.S. lawsuit in January  saying the iPhone maker breached agreements with the firm and encouraged regulatory attacks on its business in various jurisdictions around the world by making false statements.,normal
QCOM,QUALCOMM Incorporated,12-04-2017,BlackBerry awarded $814.9 mln in Qualcomm arbitration ,Chipmaker Qualcomm Inc said it was asked to refund Canada's BlackBerry Ltd a sum of $814.9 million in an arbitration settlement over royalties for certain past sales.,topStory
QCOM,QUALCOMM Incorporated,12-04-2017,Qualcomm to pay BlackBerry $814.9 million to settle royalties dispute ,Chipmaker Qualcomm Inc said on Wednesday it was asked to refund Canada's BlackBerry Ltd $814.9 million in an arbitration over royalties for certain past sales.,normal
QCOM,QUALCOMM Incorporated,12-04-2017,UPDATE 2-Qualcomm to pay BlackBerry $814.9 mln to settle royalties dispute ,* Does not agree with the decision - Qualcomm (Adds details  analysts comment),normal
QCOM,QUALCOMM Incorporated,12-04-2017,BRIEF-BlackBerry awarded $814.9 mln in Qualcomm arbitration ,* Qualcomm - announced binding interim arbitration award requiring co to refund a sum of $814.9 million  plus interest and attorneys' fees  to BlackBerry,normal
QCOM,QUALCOMM Incorporated,12-04-2017,BRIEF-Blackberry awarded $814.9 mln in Qualcomm arbitration ,* Blackberry awarded U.S. $814 868 350.00 in arbitration against Qualcomm,normal
QCOM,QUALCOMM Incorporated,19-04-2017,Qualcomm results beat help allay worries over Apple dispute ,Qualcomm Inc   the largest maker of chips used in smartphones  reported quarterly revenue and profit that beat analysts' estimates  helping ease concerns surrounding the company's dispute with Apple Inc .,topStory
QCOM,QUALCOMM Incorporated,19-04-2017,CORRECTED-Chipmaker Qualcomm's revenue falls 9.6 pct ,April 19 Qualcomm Inc  the largest maker of chips used in smartphones  reported 9.6 percent fall in quarterly revenue  hurt by an arbitration decision to pay Canada's BlackBerry Ltd for previously received royalties.,normal
QCOM,QUALCOMM Incorporated,21-04-2017,Tech companies urge Trump to continue FTC case against Qualcomm ,A coalition of technology companies including Samsung Electronics Co and Intel Corp have urged President Donald Trump not to interfere with an Obama administration antitrust case against Qualcomm Inc over its patent licensing practices.,topStory
QCOM,QUALCOMM Incorporated,24-04-2017,BRIEF-Qualcomm signs 3G/4G patent license agreement with Smartron ,* Qualcomm Inc signs 3G/4G patent license agreement with Smartron,topStory
QCOM,QUALCOMM Incorporated,28-04-2017,Qualcomm warns of profit hit as Apple battle intensifies ,Qualcomm Inc slashed its current-quarter profit and revenue forecasts on Friday  amid an escalating legal battle between the chipmaker and Apple Inc .,topStory
QCOM,QUALCOMM Incorporated,28-04-2017,Qualcomm warns of profit hit as Apple battle intensifies ,Qualcomm Inc slashed its current-quarter profit and revenue forecasts on Friday  amid an escalating legal battle between the chipmaker and Apple Inc.,normal
QCOM,QUALCOMM Incorporated,28-04-2017,BRIEF-Apple comments on payment dispute with Qualcomm ,"* Says ""we’ve been trying to reach a licensing agreement with Qualcomm for more than five years but they have refused to negotiate fair terms""",normal
QCOM,QUALCOMM Incorporated,28-04-2017,Qualcomm says Apple to stop paying royalties  cuts profit forecast ,April 28 Qualcomm Inc said on Friday Apple Inc will not pay royalties to its contract manufacturers  that are owed to the chipmaker  for sales made in the first quarter of 2017.,normal
QCOM,QUALCOMM Incorporated,02-05-2017,EU to rule on $38 bln Qualcomm  NXP deal by June 9 ,BRUSSELS EU regulators will decide by June 9 whether to clear smartphone chipmaker Qualcomm's $38 billion takeover of NXP Semiconductors NV  with rivals voicing concerns about continued access to key NXP technology after the deal.,topStory
QCOM,QUALCOMM Incorporated,02-05-2017,EU to rule on $38 billion Qualcomm  NXP deal by June 9 ,BRUSSELS EU regulators will decide by June 9 whether to clear smartphone chipmaker Qualcomm's  $38 billion takeover of NXP Semiconductors NV   with rivals voicing concerns about continued access to key NXP technology after the deal.,normal
QCOM,QUALCOMM Incorporated,02-05-2017,UPDATE 1-EU to rule on $38 bln Qualcomm  NXP deal by June 9 ,BRUSSELS  May 2 EU regulators will decide by June 9 whether to clear smartphone chipmaker Qualcomm's $38 billion takeover of NXP Semiconductors NV  with rivals voicing concerns about continued access to key NXP technology after the deal.,normal
QCOM,QUALCOMM Incorporated,02-05-2017,BRIEF-Qualcomm extends cash tender offer for all outstanding shares of NXP ,* Qualcomm extends cash tender offer for all outstanding shares of NXP,normal
QCOM,QUALCOMM Incorporated,02-05-2017,EU regulators to rule on $38 bln Qualcomm  NXP deal by June 9 ,BRUSSELS  May 2 EU antitrust regulators will decide by June 9 whether to clear smartphone chipmaker Qualcomm's $38 billion bid for NXP Semiconductors NV   which would make it the leading supplier to the fast-growing automotive chips market.,normal
QCOM,QUALCOMM Incorporated,03-05-2017,BRIEF-Qualcomm said to seek U.S. import ban on iPhones- CNBC  citing Bloomberg ,* Qualcomm said to seek U.S. import ban on iPhones- CNBC  citing Bloomberg Source text : http://cnb.cx/2p9Xit6 Further company coverage:,topStory
QCOM,QUALCOMM Incorporated,09-05-2017,BRIEF-Qualcomm introduces new mobile platforms Qualcomm Snapdragon 660 and 630 ,* Qualcomm Snapdragon 660 and 630 mobile platforms drive advanced photography  enhanced gaming  integrated connectivity and machine learning,topStory
QCOM,QUALCOMM Incorporated,17-05-2017,BRIEF-Qualcomm and Google to enable Daydream standalone VR headsets ,* Qualcomm and Google to enable daydream standalone virtual reality headsets,topStory
QCOM,QUALCOMM Incorporated,17-05-2017,Qualcomm sues four Apple contract manufacturers ,Chipmaker Qualcomm Inc filed a lawsuit against four Apple Inc contract manufacturers  including Foxconn Technology Group  for not paying royalties  as its legal battle with the iPhone maker intensifies.,normal
QCOM,QUALCOMM Incorporated,17-05-2017,BRIEF-Qualcomm files breach of contract complaint against Apple's manufacturers for non-payment of royalties ,* Qualcomm files breach of contract complaint against Apple's manufacturers for non-payment of royalties,normal
QCOM,QUALCOMM Incorporated,17-05-2017,Qualcomm files breach of contract complaint against Apple's manufacturers ,May 17 Qualcomm Inc said on Wednesday it filed a complaint against Foxconn Technology Group and other Apple Inc manufacturers for breaching license agreements.,normal
QCOM,QUALCOMM Incorporated,18-05-2017,Qualcomm ups ante in fight with Apple  sues four Taiwanese suppliers ,Chipmaker Qualcomm Inc has escalated its patent battle with Apple Inc  suing Foxconn and three other Taiwanese manufacturers that supply iPhone and iPad components for not paying royalties.,topStory
QCOM,QUALCOMM Incorporated,18-05-2017,Qualcomm shows off wireless charging for electric vehicles ,SAN FRANCISCO Qualcomm Inc said on Thursday it had demonstrated how electric vehicles could be charged wirelessly while driving  a technology some believe will help accelerate the adoption of self-driving cars.,normal
QCOM,QUALCOMM Incorporated,18-05-2017,Qualcomm shows off wireless charging for electric vehicles ,SAN FRANCISCO  May 18 Qualcomm Inc said on Thursday it had demonstrated how electric vehicles could be charged wirelessly while driving  a technology some believe will help accelerate the adoption of self-driving cars.,normal
QCOM,QUALCOMM Incorporated,18-05-2017,Qualcomm ups ante in fight with Apple  sues four Taiwanese suppliers ,Chipmaker Qualcomm Inc  has escalated its patent battle with Apple Inc   suing Foxconn and three other Taiwanese manufacturers that supply iPhone and iPad components for not paying royalties.,normal
QCOM,QUALCOMM Incorporated,19-05-2017,BRIEF-Qualcomm announces pricing of $11 bln senior notes offering ,* Qualcomm announces pricing of $11.0 billion senior notes offering,topStory
QCOM,QUALCOMM Incorporated,19-05-2017,BRIEF-Qualcomm files preliminary prospectus supplement related to a 9-part notes offering ,* Qualcomm Inc files preliminary prospectus supplement with U.S. SEC related to a 9-part notes offering - SEC filing Source text: (http://bit.ly/2rz9Hb1) Further company coverage:,normal
QCOM,QUALCOMM Incorporated,26-05-2017,BlackBerry  Qualcomm decide on final amount to resolve royalty dispute ,May 26 Canada's BlackBerry Ltd said on Friday that U.S. chipmaker Qualcomm Inc has agreed to pay the software maker $940 million  including interest and legal fees  to settle a royalty dispute.,topStory
QCOM,QUALCOMM Incorporated,26-05-2017,BlackBerry  Qualcomm decide on final amount to resolve royalty dispute ,May 26 Canada's BlackBerry Ltd said on Friday that U.S. chipmaker Qualcomm Inc has agreed to pay the software maker $940 million  including interest and legal fees  to settle a royalty dispute.,normal
QCOM,QUALCOMM Incorporated,26-05-2017,BRIEF-Blackberry ltd announces final award in Qualcomm arbitration ,* Blackberry Ltd - reached an agreement with qualcomm incorporated resolving all amounts payable in connection with interim arbitration decision announced on April 12  2017​,normal
QCOM,QUALCOMM Incorporated,30-05-2017,BRIEF-Parkervision says middle district of Florida granted co's request to reopen patent infringement case against Apple  LG and Qualcomm ,* Parkervision -middle district of Florida granted co's request to lift stay and reopen its patent infringement case against Apple  LG and Qualcomm,topStory
QCOM,QUALCOMM Incorporated,31-05-2017,BRIEF-Qualcomm extends cash tender offer for all outstanding shares of NXP ,* Qualcomm extends cash tender offer for all outstanding shares of NXP,topStory
QCOM,QUALCOMM Incorporated,02-06-2017,EU regulators say Qualcomm has not offered concessions in NXP bid ,BRUSSELS U.S. smartphone chipmaker Qualcomm  has not offered any concessions so far in its $38-billion bid for NXP Semiconductors   EU antitrust regulators said on Friday  increasing the risk of a lengthy investigation into the deal.,topStory
QCOM,QUALCOMM Incorporated,02-06-2017,EU regulators say Qualcomm has not offered concessions in NXP bid ,BRUSSELS  June 2 U.S. smartphone chipmaker Qualcomm has not offered any concessions so far in its $38-billion bid for NXP Semiconductors  EU antitrust regulators said on Friday  increasing the risk of a lengthy investigation into the deal.,normal
QCOM,QUALCOMM Incorporated,07-06-2017,Blackberry introduces auto software  will bundle with Qualcomm chips ,TORONTO  June 7 Blackberry Ltd. said on Wednesday it has developed new software for running complex computer systems on vehicles that will be bundled with semiconductors sold by Qualcomm Inc.,topStory
QCOM,QUALCOMM Incorporated,09-06-2017,EU antitrust regulators to investigate $38 billion Qualcomm  NXP deal ,BRUSSELS EU antitrust authorities opened an investigation on Friday into Qualcomm's  $38-billion bid for NXP Semiconductors   ratcheting up pressure on the U.S. smartphone chipmaker to offer concessions to address their concerns.,topStory
QCOM,QUALCOMM Incorporated,09-06-2017,UPDATE 1-EU antitrust regulators to investigate $38 bln Qualcomm  NXP deal ,BRUSSELS  June 9 EU antitrust authorities opened an investigation on Friday into Qualcomm's $38-billion bid for NXP Semiconductors  ratcheting up pressure on the U.S. smartphone chipmaker to offer concessions to address their concerns.,normal
QCOM,QUALCOMM Incorporated,09-06-2017,Qualcomm says confident can address EU concerns about NXP deal ,BRUSSELS U.S. smartphone chipmaker Qualcomm  said on Friday it was confident it would addressed EU antitrust concerns about its $38-billion bid for NXP Semiconductors   after EU regulators started an investigation into the deal.,normal
QCOM,QUALCOMM Incorporated,09-06-2017,EU antitrust regulators to investigate $38 bln Qualcomm  NXP deal ,BRUSSELS  June 9 EU antitrust authorities opened on Friday an investigation into U.S. smartphone chipmaker Qualcomm's $38-billion bid for NXP Semiconductors   concerned that the merged company may squeeze out rivals and jack up prices.,normal
QCOM,QUALCOMM Incorporated,09-06-2017,Qualcomm says confident can address EU concerns about NXP deal ,BRUSSELS  June 9 U.S. smartphone chipmaker Qualcomm said on Friday it was confident it would addressed EU antitrust concerns about its $38-billion bid for NXP Semiconductors  after EU regulators started an investigation into the deal.,normal
QCOM,QUALCOMM Incorporated,12-06-2017,BRIEF-Qualcomm announces agreement with Lifescan Inc ,* Qualcomm announces agreement with Lifescan Inc  a Johnson & Johnson diabetes care company  to inform patient care with connected blood glucose meters,topStory
QCOM,QUALCOMM Incorporated,15-06-2017,BRIEF-Qualcomm receives antitrust for NXP Semiconductors acquisition ,* Qualcomm receives antitrust clearance by the Taiwan Fair Trade Commission for NXP Semiconductors acquisition,topStory
QCOM,QUALCOMM Incorporated,20-06-2017,Apple tells court Qualcomm chip licenses are invalid ,Apple Inc broadened a legal attack on Qualcomm Inc  arguing to a U.S. federal court that license agreements that secure the chip maker a cut of every iPhone manufactured were invalid.,topStory
QCOM,QUALCOMM Incorporated,20-06-2017,BRIEF-Qualcomm makes strategic investment in Amionx ,* Qualcomm Inc - as part of its investment  Qualcomm president Derek Aberle will join board of directors of Amionx Source text for Eikon: Further company coverage:,normal
QCOM,QUALCOMM Incorporated,20-06-2017,Apple tells court Qualcomm chip licenses are invalid ,June 20 Apple Inc broadened a legal attack on Qualcomm Inc  arguing to a U.S. federal court that license agreements that secure the chip maker a cut of every iPhone manufactured were invalid.,normal
QCOM,QUALCOMM Incorporated,21-06-2017,Apple tells court Qualcomm chip licenses are invalid ,Apple Inc broadened a legal attack on Qualcomm Inc  arguing to a U.S. federal court that license agreements that secure the chip maker a cut of every iPhone manufactured were invalid.,topStory
QCOM,QUALCOMM Incorporated,21-06-2017,UPDATE 1-Apple tells court Qualcomm chip licenses are invalid ,June 20 Apple Inc broadened a legal attack on Qualcomm Inc  arguing to a U.S. federal court that license agreements that secure the chip maker a cut of every iPhone manufactured were invalid.,normal
QCOM,QUALCOMM Incorporated,23-06-2017,BlackBerry reports quarterly profit on Qualcomm payment ,June 23 Canada's BlackBerry Ltd reported a quarterly profit on Friday  helped by a $940 million arbitration payment from U.S. chipmaker Qualcomm Inc.,topStory
QCOM,QUALCOMM Incorporated,27-06-2017,U.S. antitrust lawsuit against Qualcomm to proceed  judge rules ,The Federal Trade Commission's antitrust lawsuit against Qualcomm Inc  can proceed  a federal judge ruled late on Monday  meaning the iPhone chip supplier must now wage a fight with U.S. regulators even as it contests a separate $1 billion lawsuit filed by Apple Inc .,topStory
QCOM,QUALCOMM Incorporated,27-06-2017,U.S. antitrust lawsuit against Qualcomm to proceed  judge rules ,The Federal Trade Commission's antitrust lawsuit against Qualcomm Inc can proceed  a federal judge ruled late on Monday  meaning the iPhone chip supplier must now wage a fight with U.S. regulators even as it contests a separate $1 billion lawsuit filed by Apple Inc.,normal
QCOM,QUALCOMM Incorporated,27-06-2017,U.S. antitrust lawsuit against Qualcomm to proceed  judge rules ,June 27 The Federal Trade Commission's antitrust lawsuit against Qualcomm Inc can proceed  a federal judge ruled late on Monday  meaning the iPhone chip supplier must now wage a fight with U.S. regulators even as it contests a separate $1 billion lawsuit filed by Apple Inc.,normal
QCOM,QUALCOMM Incorporated,28-06-2017,BRIEF-Qualcomm extends cash tender offer for all outstanding shares of NXP ,* Qualcomm extends cash tender offer for all outstanding shares of NXP,topStory
QCOM,QUALCOMM Incorporated,29-06-2017,EU antitrust regulators halt Qualcomm  NXP deal review ,BRUSSELS EU antitrust authorities have halted their scrutiny of Qualcomm's $38 billion bid for NXP Semiconductors after the companies failed to provide relevant information.,topStory
QCOM,QUALCOMM Incorporated,29-06-2017,EU antitrust regulators halt Qualcomm  NXP deal review ,BRUSSELS EU antitrust authorities have halted their scrutiny of Qualcomm's  $38 billion bid for NXP Semiconductors  after the companies failed to provide relevant information. ,normal
QCOM,QUALCOMM Incorporated,29-06-2017,EU antitrust regulators halt Qualcomm  NXP deal review ,BRUSSELS  June 29 EU antitrust authorities have halted their scrutiny of Qualcomm's $38 billion bid for NXP Semiconductors after the companies failed to provide relevant information.,normal
QCOM,QUALCOMM Incorporated,06-07-2017,Qualcomm accuses Apple of infringing six patents in iPhone  iPad ,WASHINGTON Chipmaker Qualcomm Inc will ask the U.S. International Trade Commission to bar Apple Inc from selling some iPhones and iPads in the United States that use chips made by competitor Intel Corp on the grounds that the devices infringe on six Qualcomm patents.,topStory
QCOM,QUALCOMM Incorporated,06-07-2017,Qualcomm accuses Apple of infringing six patents in iPhone  iPad ,WASHINGTON Chipmaker Qualcomm Inc  will ask the U.S. International Trade Commission to bar Apple Inc  from selling some iPhones and iPads in the United States that use chips made by competitor Intel Corp  on the grounds that the devices infringe on six Qualcomm patents.,normal
QCOM,QUALCOMM Incorporated,06-07-2017,UPDATE 3-Qualcomm accuses Apple of infringing six patents in iPhone  iPad ,WASHINGTON  July 6 Chipmaker Qualcomm Inc will ask the U.S. International Trade Commission to bar Apple Inc from selling some iPhones and iPads in the United States that use chips made by competitor Intel Corp on the grounds that the devices infringe on six Qualcomm patents.,normal
QCOM,QUALCOMM Incorporated,06-07-2017,BRIEF-Qualcomm files patent infringement complaints against Apple with ITC  federal court ,* Qualcomm files patent infringement complaints against apple with international trade commission and federal court,normal
QCOM,QUALCOMM Incorporated,06-07-2017,Qualcomm accuses Apple of infringing six patents in iPhone  iPad ,WASHINGTON  July 6 Chipmaker Qualcomm Inc will ask the U.S. International Trade Commission to bar Apple Inc from selling some iPhones and iPads in the United States on the grounds that they infringe on six Qualcomm patents.,normal
QCOM,QUALCOMM Incorporated,17-07-2017,Qualcomm loses appeal against EU threat of daily fine ,BRUSSELS U.S. chipmaker Qualcomm faces the threat of a daily fine of 580 000 euros ($665 000) for failing to provide EU antitrust regulators with information after losing an appeal against the penalty in a European Union court on Monday. Qualcomm  which was charged by the European Commission for using anti-competitive methods to squeeze out British phone software maker Icera  last month asked the Luxembourg-based General Court to suspend the order.,topStory
QCOM,QUALCOMM Incorporated,17-07-2017,Qualcomm loses appeal against EU threat of daily fine ,BRUSSELS U.S. chipmaker Qualcomm  faces the threat of a daily fine of 580 000 euros ($665 000) for failing to provide EU antitrust regulators with information after losing an appeal against the penalty in a European Union court on Monday.,normal
QCOM,QUALCOMM Incorporated,17-07-2017,Qualcomm loses appeal against EU threat of daily fine ,BRUSSELS  July 17 U.S. chipmaker Qualcomm faces the threat of a daily fine of 580 000 euros ($665 000) for failing to provide EU antitrust regulators with information after losing an appeal against the penalty in an EU court on Monday. Qualcomm  which was charged by the European Commission of using anti-competitive methods to squeeze out British phone software maker Icera  last month asked the Luxembourg-based General Court to suspend the order.,normal
QCOM,QUALCOMM Incorporated,19-07-2017,Four Apple contractors accuse Qualcomm of antitrust violations ,iPhone chip supplier Qualcomm Inc faces a new set of antitrust allegations from a group of four companies that assemble the iPhone and other products on behalf of Apple Inc.,topStory
QCOM,QUALCOMM Incorporated,19-07-2017,Qualcomm's profit forecast disappoints as Apple battle takes toll ,Qualcomm Inc  forecast fourth-quarter profit below analysts' estimates as the company's escalating patent battle with Apple Inc  continues to take a toll on its licensing business.,normal
QCOM,QUALCOMM Incorporated,19-07-2017,UPDATE 2-Qualcomm's profit forecast disappoints as Apple battle takes toll ,July 19 Qualcomm Inc forecast fourth-quarter profit below analysts' estimates as the company's escalating patent battle with Apple Inc continues to take a toll on its licensing business.,normal
QCOM,QUALCOMM Incorporated,19-07-2017,Four Apple contractors accuse Qualcomm of antitrust violations ,iPhone chip supplier Qualcomm Inc  faces a new set of antitrust allegations from a group of four companies that assemble the iPhone and other products on behalf of Apple Inc .,normal
QCOM,QUALCOMM Incorporated,19-07-2017,UPDATE 1-Four Apple contractors accuse Qualcomm of antitrust violations ,July 19 iPhone chip supplier Qualcomm Inc faces a new set of antitrust allegations from a group of four companies that assemble the iPhone and other products on behalf of Apple Inc.,normal
QCOM,QUALCOMM Incorporated,19-07-2017,Qualcomm's profit slumps amid Apple battle ,July 19 Qualcomm Inc reported a 40 percent slump in quarterly profit  hurt in part by its escalating patent battle with Apple Inc.,normal
QCOM,QUALCOMM Incorporated,19-07-2017,Four Apple contractors accuse Qualcomm of antitrust violations ,July 19 iPhone chip supplier Qualcomm Inc faces a fresh set of antitrust allegations from a group of four companies that assemble the iPhone and other products on behalf of Apple Inc.,normal
QCOM,QUALCOMM Incorporated,20-07-2017,UPDATE 1-Tech group sides with Apple in Qualcomm's iPhone ban dispute ,July 20 A group representing major technology companies has aligned itself against Qualcomm Inc in its legal dispute with Apple Inc by calling on regulators to reject Qualcomm's bid to ban the import of iPhones.,topStory
QCOM,QUALCOMM Incorporated,20-07-2017,Tech group sides with Apple in Qualcomm's iPhone ban dispute ,A group representing major technology companies has aligned itself against Qualcomm Inc in its legal dispute with Apple Inc by calling on regulators to reject Qualcomm's bid to ban the import of iPhones.,normal
QCOM,QUALCOMM Incorporated,20-07-2017,Tech group sides with Apple in Qualcomm's iPhone ban dispute ,July 20 A group representing major technology companies has aligned itself against Qualcomm Inc in its legal dispute with Apple Inc by calling on regulators to reject Qualcomm's bid to ban the import of iPhones.,normal
QCOM,QUALCOMM Incorporated,21-07-2017,Fingerprint Cards says teams up with Qualcomm as Q2 profit misses forecasts ,STOCKHOLM  July 21 Swedish biometric firm Fingerprint Cards (FPC) said on Friday it had struck a deal to include its sensors in several Qualcomm products  after posting second-quarter earnings below market forecasts.,topStory
QCOM,QUALCOMM Incorporated,21-07-2017,BRIEF-Fingerprint Cards says enters cooperation with Qualcomm ,* Fingerprint Cards says teaming-up with Qualcomm to pre-integrate capacitive fingerprint technology on low- and mid-tier Qualcomm snapdragon mobile platforms For the original story click here: http://bit.ly/2ugcSXC Further company coverage: (Stockholm Newsroom),normal
QCOM,QUALCOMM Incorporated,21-07-2017,Tech group sides with Apple in Qualcomm's iPhone ban dispute ,A group representing major technology companies has aligned itself against Qualcomm Inc in its legal dispute with Apple Inc by calling on regulators to reject Qualcomm's bid to ban the import of iPhones.,normal
QCOM,QUALCOMM Incorporated,25-07-2017,BRIEF-Qualcomm  Nichicon sign commercial wireless electric vehicle charging license agreement ,* Qualcomm and Nichicon sign commercial wireless electric vehicle charging license agreement,topStory
QCOM,QUALCOMM Incorporated,25-07-2017,Israel's Prospera raises $15 mln in round led by Qualcomm Ventures ,TEL AVIV  July 25 Israeli digital farming company Prospera said on Tuesday it raised $15 million in a funding round led by Qualcomm Ventures  the investment arm of Qualcomm Inc.,normal
QCOM,QUALCOMM Incorporated,27-07-2017,BRIEF-Qualcomm extends cash tender offer for all outstanding shares of NXP ,* Qualcomm extends cash tender offer for all outstanding shares of NXP,topStory
QCOM,QUALCOMM Incorporated,04-08-2017,Elliott discloses NXP stake  to push for higher price in Qualcomm deal ,Activist investor Elliott Management Corp on Friday disclosed a 6 percent stake in chipmaker NXP Semiconductors NV  and indicated it was pushing for a higher price tag in NXP's pending sale to Qualcomm Inc  for $38 billion in cash.,topStory
QCOM,QUALCOMM Incorporated,04-08-2017,UPDATE 1-Elliott discloses NXP stake  to push for higher price in Qualcomm deal ,Aug 4 Activist investor Elliott Management Corp on Friday disclosed a 6 percent stake in chipmaker NXP Semiconductors NV and indicated it was pushing for a higher price tag in NXP's pending sale to Qualcomm Inc for $38 billion in cash.,normal
QCOM,QUALCOMM Incorporated,04-08-2017,Elliott discloses NXP stake  Qualcomm's $38 bln bid in its radar ,Aug 4 Activist investor Elliott Management Corp on Friday disclosed a 6 percent stake in chipmaker NXP Semiconductors NV  which is being bought by Qualcomm Inc for $38 billion  and indicated it could engage in talks to boost the offer price.,normal
QCOM,QUALCOMM Incorporated,08-08-2017,U.S. to review Qualcomm's complaints about Apple iPhone patents ,WASHINGTON/SAN FRANCISCO U.S. trade officials have agreed to investigate Qualcomm Inc's allegations that Apple Inc infringed on patents with its iPhone 7 and other devices  the U.S. International Trade Commission said on Tuesday.,topStory
QCOM,QUALCOMM Incorporated,08-08-2017,U.S. to review Qualcomm's complaints about Apple iPhone patents ,WASHINGTON/SAN FRANCISCO U.S. trade officials have agreed to investigate Qualcomm Inc's allegations that Apple Inc infringed on patents with its iPhone 7 and other devices  the U.S. International Trade Commission said on Tuesday.,normal
QCOM,QUALCOMM Incorporated,08-08-2017,UPDATE 3-U.S. to review Qualcomm's complaints about Apple iPhone patents ,WASHINGTON/SAN FRANCISCO  Aug 8 U.S. trade officials have agreed to investigate Qualcomm Inc's allegations that Apple Inc infringed on patents with its iPhone 7 and other devices  the U.S. International Trade Commission said on Tuesday.,normal
QCOM,QUALCOMM Incorporated,14-08-2017,Qualcomm outlines impact of dispute with Apple after SEC request ,Chipmaker Qualcomm Inc on Monday disclosed further details about the impact of an ongoing dispute with Apple Inc  responding to questions from the U.S. Securities and Exchange Commission.,topStory
QCOM,QUALCOMM Incorporated,14-08-2017,Qualcomm outlines impact of dispute with Apple after SEC request ,Aug 14 Chipmaker Qualcomm Inc on Monday disclosed further details about the impact of an ongoing dispute with Apple Inc  responding to questions from the U.S. Securities and Exchange Commission.,normal
QCOM,QUALCOMM Incorporated,24-08-2017,BRIEF-Qualcomm announces president  Derek Aberle  to leave company as of Dec 31 2017 ,* Qualcomm announces president  Derek Aberle  to leave company as of December 31st 2017,topStory
QCOM,QUALCOMM Incorporated,24-08-2017,BRIEF-Qualcomm extends cash tender offer for all outstanding shares of NXP ,* Qualcomm extends cash tender offer for all outstanding shares of NXP,normal
QCOM,QUALCOMM Incorporated,30-08-2017,BRIEF-Qualcomm and Himax Technologies jointly announce high resolution 3D depth sensing solution ,* Qualcomm and Himax Technologies jointly announce high resolution 3D depth sensing solution,topStory
QCOM,QUALCOMM Incorporated,04-09-2017,South Korean court rejects Qualcomm's request to suspend antitrust body's order ,SEOUL A South Korean court on Monday rejected Qualcomm Inc's  request to suspend an order by the country's antitrust agency to take corrective action on the way it licenses patents.,topStory
QCOM,QUALCOMM Incorporated,04-09-2017,S.Korean court rejects Qualcomm's request to suspend antitrust body's order ,SEOUL  Sept 4 A South Korean court on Monday rejected Qualcomm Inc's request to suspend an order by the country's antitrust agency to take corrective action on the way it licences patents.,normal
QCOM,QUALCOMM Incorporated,05-09-2017,BRIEF-Qualcomm stay appeal denied by Seoul High Court ,* Qualcomm stay appeal denied by Seoul High Court on absence of irreparable harm; appeal to Seoul High Court on merits of the case to proceed,topStory
QCOM,QUALCOMM Incorporated,06-09-2017,EU regulators halt review of Qualcomm-NXP deal for second time ,BRUSSELS EU antitrust regulators have halted for a second time their review of U.S. smartphone chipmaker Qualcomm's $38-billion bid for NXP Semiconductors after the companies failed to provide key details of the deal.,normal
QCOM,QUALCOMM Incorporated,06-09-2017,EU regulators halt review of Qualcomm-NXP deal for second time ,BRUSSELS  Sept 6 EU antitrust regulators have halted for a second time their review of U.S. smartphone chipmaker Qualcomm's $38-billion bid for NXP Semiconductors after the companies failed to provide key details of the deal.,normal
QCOM,QUALCOMM Incorporated,08-09-2017,Apple lawsuits against Qualcomm can proceed  U.S. judge rules ,Apple Inc's  11 foreign lawsuits against Qualcomm Inc  can proceed while the company's dispute plays out in the United States  a U.S. federal judge in San Diego ruled Sept. 7.,topStory
QCOM,QUALCOMM Incorporated,08-09-2017,Apple lawsuits against Qualcomm can proceed  U.S. judge rules ,Sept 8 Apple Inc's 11 foreign lawsuits against Qualcomm Inc can proceed while the company's dispute plays out in the United States  a U.S. federal judge in San Diego ruled Sept. 7.,normal
QCOM,QUALCOMM Incorporated,11-09-2017,BRIEF-Qualcomm and Nokia to collaborate on driving wide-scale mobile 5G NR deployments ,* Qualcomm and Nokia to collaborate on driving wide-scale mobile 5G NR deployments to meet growing market demand,topStory
QCOM,QUALCOMM Incorporated,11-09-2017,BRIEF-Qualcomm announces 5G NR mmWave prototype to accelerate mobile deployments for smartphones ,* Qualcomm announces 5G NR mmWave prototype to accelerate mobile deployments for smartphones Source text for Eikon: Further company coverage:,normal
QCOM,QUALCOMM Incorporated,14-09-2017,UPDATE 1-5G phones to go mainstream in key markets in 2019 - Qualcomm CEO ,FRANKFURT  Sept 14 The first 5G phones ready to meet next-generation mobile standards will be available for the mass market in 2019 - a year ahead of most predictions - in several Asian countries and the United States  Qualcomm's CEO said on Thursday.,topStory
QCOM,QUALCOMM Incorporated,14-09-2017,5G phones to go mainstream in key markets in 2019 - Qualcomm CEO ,FRANKFURT  Sept 14 The first 5G phones ready to meet the next-generation mobile standard will be available for the mass market in 2019 - a year ahead of most predictions - in several Asian countries and the United States  Qualcomm's CEO said on Thursday.,normal
QCOM,QUALCOMM Incorporated,22-09-2017,BRIEF-Qualcomm extends cash tender offer for all outstanding shares of NXP ,* Qualcomm extends cash tender offer for all outstanding shares of NXP,topStory
QCOM,QUALCOMM Incorporated,27-09-2017,BRIEF-Qualcomm ‍has developed reference designs for biometric patches​ ,* Qualcomm Inc - ‍has designed and developed reference designs for cost-effective  connected and medical-grade biometric patches​,topStory
QCOM,QUALCOMM Incorporated,09-10-2017,Qualcomm offers EU concessions over $38 billion NXP takeover bid ,BRUSSELS U.S. smartphone chipmaker Qualcomm has offered concessions in an attempt to allay EU antitrust concerns over its $38-billion bid for NXP Semiconductors  the largest ever in the semiconductor industry.,topStory
QCOM,QUALCOMM Incorporated,09-10-2017,'Overwhelming' view is Qualcomm will up offer for NXP: Morgan Stanley ,"There is a ""strong case"" for expecting chipmaker Qualcomm Inc to raise its offer for NXP Semiconductors NV  Morgan Stanley analysts wrote on Monday  saying investors they spoke to last week believed the price would rise.",normal
QCOM,QUALCOMM Incorporated,09-10-2017,BRIEF-Qualcomm signs 3G/4G patent license agreement with General Mobile ,* Qualcomm signs 3G/4G patent license agreement with General Mobile,normal
QCOM,QUALCOMM Incorporated,09-10-2017,Qualcomm offers EU concessions over $38 bln NXP takeover bid ,BRUSSELS  Oct 9 U.S. smartphone chipmaker Qualcomm has offered concessions in an attempt to allay EU antitrust concerns over its $38-billion bid for NXP Semiconductors  the largest ever in the semiconductor industry.,normal
QCOM,QUALCOMM Incorporated,11-10-2017,Taiwan fines Qualcomm $774 million for antitrust violations ,HONG KONG Qualcomm Inc  faces an antitrust fine in Taiwan  the latest in a years-long streak of regulatory setbacks to its business model that comes as it also fights U.S. regulators and iPhone maker Apple Inc  in court over many of the same legal issues.,topStory
QCOM,QUALCOMM Incorporated,11-10-2017,UPDATE 2-Taiwan fines Qualcomm $774 mln for antitrust violations ,HONG KONG  Oct 11 Qualcomm Inc faces an antitrust fine in Taiwan  the latest in a years-long streak of regulatory setbacks to its business model that comes as it also fights U.S. regulators and iPhone maker Apple Inc in court over many of the same legal issues.,normal
QCOM,QUALCOMM Incorporated,11-10-2017,BRIEF-Qualcomm comments on fine imposed by Taiwan FTC ,* Qualcomm disagrees with decision by Taiwan Fair Trade Commission and intends to seek a stay and appeal the decision,normal
QCOM,QUALCOMM Incorporated,11-10-2017,BRIEF-Qualcomm fined $773 million in Taiwan for antitrust violations - Bloomberg‍​ ,* Qualcomm fined $773 million in Taiwan for antitrust violations - Bloomberg‍​ Source text: [https://bloom.bg/2yadH8M] Further company coverage:,normal
QCOM,QUALCOMM Incorporated,12-10-2017,BRIEF-Mediatek agrees and supports Taiwan Fair Trade Commission's decision on Qualcomm ,* Says it agrees and supports Taiwan Fair Trade Commission's decision on Qualcomm,topStory
QCOM,QUALCOMM Incorporated,13-10-2017,Qualcomm files lawsuits in China to ban iPhones ,Qualcomm Inc  confirmed an earlier report that the chipmaker had filed lawsuits in China  seeking to halt the manufacture and sale of Apple Inc's  iPhones in the country.,topStory
QCOM,QUALCOMM Incorporated,13-10-2017,UPDATE 1-Qualcomm files lawsuits in China to ban iPhones ,Oct 13 Qualcomm Inc confirmed an earlier report that the chipmaker had filed lawsuits in China  seeking to halt the manufacture and sale of Apple Inc's iPhones in the country.,normal
QCOM,QUALCOMM Incorporated,13-10-2017,Qualcomm files lawsuits in China to ban iPhones - Bloomberg ,Oct 13 Qualcomm Inc filed lawsuits in China  seeking to halt the manufacture and sale of Apple Inc's iPhones in the country  Bloomberg reported on Friday.,normal
QCOM,QUALCOMM Incorporated,13-10-2017,BRIEF-Qualcomm asks China to halt manufacture  sale of Apple iPhones - Bloomberg‍​ ,* Qualcomm asks China to halt manufacture  sale of Apple iPhones - Bloomberg‍​ Source text: https://bloom.bg/2iclZ9X Further company coverage:,normal
QCOM,QUALCOMM Incorporated,17-10-2017,Patently tough: Long road ahead for Qualcomm in China case against Apple ,SHANGHAI/BEIJING Qualcomm Inc wants to hit Apple Inc where it hurts most: iPhone sales in China - one of its biggest global markets where most of its flagship smartphones are made.,topStory
QCOM,QUALCOMM Incorporated,18-10-2017,BRIEF-Qualcomm appoints Penny Baldwin as chief marketing officer ,* Qualcomm appoints Penny Baldwin as senior vice president and chief marketing officer Source text for Eikon: Further company coverage:,topStory
QCOM,QUALCOMM Incorporated,20-10-2017,BRIEF-Qualcomm extends cash tender offer for all outstanding shares of NXP ,* Qualcomm extends cash tender offer for all outstanding shares of NXP,topStory
QCOM,QUALCOMM Incorporated,20-10-2017,BRIEF-Qualcomm and Mercedes extend communications partnership ,* Qualcomm and Mercedes-AMG Petronas Motorsport extend strategic partnership focusing on high-speed communications and wireless power,normal
QCOM,QUALCOMM Incorporated,31-10-2017,Apple could drop Qualcomm components in next year's iPhones  iPads: sources ,Apple Inc  has designed iPhones and iPads that would drop chips supplied by Qualcomm Inc   according to two people familiar with the matter. | Video ,topStory
QCOM,QUALCOMM Incorporated,31-10-2017,Qualcomm dips on risk of losing Apple  Intel gains ,Shares in Qualcomm Inc  fell as much as 8 percent on Tuesday on reports that Apple Inc  would not use its modem chips in iPhones and iPads from next year.,normal
QCOM,QUALCOMM Incorporated,31-10-2017,UPDATE 1-Qualcomm dips on risk of losing Apple  Intel gains ,Oct 31 Shares in Qualcomm Inc fell as much as 8 percent on Tuesday on reports that Apple Inc would not use its modem chips in iPhones and iPads from next year.,normal
QCOM,QUALCOMM Incorporated,31-10-2017,Qualcomm dips on risk of losing Apple  Intel gains ,Oct 31 Shares in Qualcomm Inc fell as much as 8 percent on Tuesday after reports that Apple Inc would not use its modem chips in iPhones and iPads from next year.,normal
QCOM,QUALCOMM Incorporated,31-10-2017,REFILE-RPT-UPDATE 1-Apple could drop Qualcomm components in next year's iPhones  iPads -sources ,Oct 30 Apple Inc has designed iPhones and iPads that would drop chips supplied by Qualcomm Inc   according to two people familiar with the matter.,normal
QCOM,QUALCOMM Incorporated,31-10-2017,REFILE-Apple could drop Qualcomm components in next year's iPhones  iPads -sources ,Oct 30 Apple Inc has designed iPhones and iPads that would drop chips supplied by Qualcomm Inc   according to two people familiar with the matter.,normal
QCOM,QUALCOMM Incorporated,31-10-2017,BRIEF-Apple is designing iPhones  iPads that would drop Qualcomm components- WSJ citing sources‍ ,* Apple is designing iPhones  iPads that would drop Qualcomm components- WSJ citing sources‍,normal
QCOM,QUALCOMM Incorporated,01-11-2017,Demand for modem  IoT chips helps Qualcomm top estimates ,Qualcomm Inc's fourth-quarter profit and revenue beat market expectations as strength in its smartphone chips business was complemented by demand for chips used in automobiles and for the Internet of Things (IoT).,topStory
QCOM,QUALCOMM Incorporated,01-11-2017,UPDATE 2-Demand for modem  IoT chips helps Qualcomm top estimates ,Nov 1 Qualcomm Inc's fourth-quarter profit and revenue beat market expectations as strength in its smartphone chips business was complemented by demand for chips used in automobiles and for the Internet of Things (IoT).,normal
QCOM,QUALCOMM Incorporated,01-11-2017,Qualcomm  JMC seek to exit Alphabet-backed New York WiFi project -sources ,SAN FRANCISCO  Nov 1 Chipmaker Qualcomm Inc and private equity firm JMC Capital Partners are looking to sell their stakes in a joint venture that operates more than 1 300 free WiFi kiosks fashioned from old phone booths around New York City  according to people familiar with the matter.,normal
QCOM,QUALCOMM Incorporated,01-11-2017,Qualcomm profit sinks nearly 90 pct ,Nov 1 Smartphone chipmaker Qualcomm Inc reported a 89.5 percent slump in quarterly profit on Wednesday as the company’s ongoing patent battle with Apple Inc hurt both its licensing and chips business.,normal
QCOM,QUALCOMM Incorporated,02-11-2017,Qualcomm sues Apple for breach of software license contract ,Qualcomm Inc  has sued Apple Inc   alleging that it violated a software license contract to benefit rival chipmaker Intel Corp  for making broadband modems  the latest salvo in the longstanding dispute between Qualcomm and Apple.,topStory
QCOM,QUALCOMM Incorporated,02-11-2017,UPDATE 5-Qualcomm sues Apple for breach of software license contract ,Nov 2 Qualcomm Inc has sued Apple Inc   alleging that it violated a software license contract to benefit rival chipmaker Intel Corp for making broadband modems  the latest salvo in the longstanding dispute between Qualcomm and Apple.,normal
QCOM,QUALCOMM Incorporated,02-11-2017,REFILE-Qualcomm sues Apple for contract breach ,Nov 2 Qualcomm Inc has sued Apple Inc   alleging that it violated a software license contract to benefit rival chipmaker Intel for making broadband modems  the latest salvo in a longstanding dispute between the two companies.,normal
QCOM,QUALCOMM Incorporated,02-11-2017,Qualcomm  JMC seek to exit Alphabet-backed New York WiFi project: sources ,SAN FRANCISCO Chipmaker Qualcomm Inc and private equity firm JMC Capital Partners are looking to sell their stakes in a joint venture that operates more than 1 300 free WiFi kiosks fashioned from old phone booths around New York City  according to people familiar with the matter.,normal
QCOM,QUALCOMM Incorporated,02-11-2017,UPDATE 1-Qualcomm  JMC seek to exit Alphabet-backed New York WiFi project -sources ,SAN FRANCISCO  Nov 1 Chipmaker Qualcomm Inc and private equity firm JMC Capital Partners are looking to sell their stakes in a joint venture that operates more than 1 300 free WiFi kiosks fashioned from old phone booths around New York City  according to people familiar with the matter.,normal
QCOM,QUALCOMM Incorporated,03-11-2017,UPDATE 5-Broadcom plans record tech deal with Qualcomm bid -sources ,Nov 3 Communications chipmaker Broadcom Ltd is planning to unveil a bid for smartphone chip supplier Qualcomm Inc by Monday  three sources familiar with the matter said on Friday  an attempt to create a roughly $200-billion company through the biggest technology acquisition ever.,topStory
QCOM,QUALCOMM Incorporated,03-11-2017,Broadcom explores deal to buy Qualcomm-Bloomberg ,Nov 3 Broadcom Ltd is exploring a deal to buy smartphone chip maker Qualcomm Inc  in what could be the biggest ever acquisition of a chipmaker  Bloomberg News reported on Friday.,normal
QCOM,QUALCOMM Incorporated,03-11-2017,BRIEF-Broadcom explores deal to acquire chipmaker Qualcomm- Bloomberg citing sources‍​ ,* Broadcom explores deal to acquire chipmaker Qualcomm- Bloomberg citing sources‍​,normal
QCOM,QUALCOMM Incorporated,04-11-2017,Broadcom plans record tech deal with Qualcomm bid: sources ,Communications chipmaker Broadcom Ltd  is planning to unveil a bid for smartphone chip supplier Qualcomm Inc  by Monday  three sources familiar with the matter said on Friday  an attempt to create a roughly $200-billion company through the biggest technology acquisition ever. | Video ,topStory
QCOM,QUALCOMM Incorporated,06-11-2017,Broadcom bids $103 billion for Qualcomm  open to going hostile ,Chip maker Broadcom Ltd made an unsolicited $103 billion bid for Qualcomm Inc on Monday  setting the stage for a takeover battle that could reshape the industry at the heart of mobile phone hardware. | Video ,topStory
QCOM,QUALCOMM Incorporated,06-11-2017,UPDATE 6-Broadcom bids $103 bln for Qualcomm  open to going hostile ,Nov 6 Chip maker Broadcom Ltd made an unsolicited $103 billion bid for Qualcomm Inc on Monday  setting the stage for a takeover battle that could reshape the industry at the heart of mobile phone hardware.,normal
QCOM,QUALCOMM Incorporated,06-11-2017,BRIEF-Qualcomm confirms receipt of unsolicited proposal from Broadcom ,* Qualcomm confirms receipt of unsolicited proposal from Broadcom,normal
QCOM,QUALCOMM Incorporated,06-11-2017,BRIEF-Qualcomm set to reject Broadcom's takeover offer - FT‍​ ,* Qualcomm is set to reject Broadcom’s takeover offer; views rival’s $130 bn proposal as too low and fraught with regulatory risks- FT  citing sources‍​ Source text : http://on.ft.com/2ixBUvG,normal
QCOM,QUALCOMM Incorporated,06-11-2017,BRIEF-Broadcom proposes to acquire Qualcomm for $70.00 per share in cash and stock in transaction valued at $130 bln ,* Broadcom proposes to acquire Qualcomm for $70.00 per share in cash and stock in transaction valued at $130 billion,normal
QCOM,QUALCOMM Incorporated,06-11-2017,Broadcom offers to buy mobile chipmaker Qualcomm for $103 billion ,Nov 6 Communications chipmaker Broadcom Ltd on Monday said it offered to buy smartphone chip supplier Qualcomm Inc for $70 per share or $103 billion in cash and stock  in what would be the biggest technology acquisition ever.,normal
QCOM,QUALCOMM Incorporated,07-11-2017,Bargaining chip? China seen closely scrutinizing Qualcomm  Broadcom deal ,SHANGHAI A potential mega-merger between chipmaker Broadcom Ltd  and U.S. rival Qualcomm Inc  is likely to face stern scrutiny in China  antitrust lawyers say  amid a strategic push by Beijing into semiconductors. | Video ,topStory
QCOM,QUALCOMM Incorporated,07-11-2017,BRIEF-Excelero secures strategic investment from Qualcomm Ventures  total of $30 mln VC funds ,* Excelero secures strategic investment from Qualcomm Ventures  its third major tech firm investor to date,normal
QCOM,QUALCOMM Incorporated,08-11-2017,BRIEF-Broadcom reviewing candidates for Qualcomm director slate- CNBC‍​ ,* Broadcom is reviewing candidates for Qualcomm director slate- CNBC‍​,topStory
QCOM,QUALCOMM Incorporated,09-11-2017,Qualcomm signs $12 billion in China deals amid Trump visit ,BEIJING Qualcomm Inc  has signed $12 billion worth of deals with three Chinese mobile handset makers on the sidelines of a state visit to Beijing by U.S. President Donald Trump.,normal
QCOM,QUALCOMM Incorporated,09-11-2017,BRIEF-Qualcomm signs MoU with Xiaomi  Oppo and Vivo as part of a bilateral trade mission ,* QUALCOMM SIGNS MEMORANDA OF UNDERSTANDING WITH XIAOMI  OPPO AND VIVO AS PART OF A BILATERAL TRADE MISSION,normal
